lat,lon,irrigation_result,tmin,tmax,prcp,cropland,elevation_result,crop_name
43.062537012917105,-92.69922468971433,3,2.1500000953674316,17.90999984741211,0,176,310,Grassland/Pasture
43.29763627853365,-90.35101002033934,0,2.430000066757202,16.969999313354492,0,5,229,Soybeans
41.711574067939644,-91.4850006098606,3,2.690000057220459,18.850000381469727,0,121,242,Developed/Open Space
43.30011498555889,-90.78450817622486,4,2.740000009536743,16.260000228881836,0,141,319,Deciduous Forest
41.84743318972542,-96.11120467592386,1,1.5299999713897705,22.450000762939453,0,176,321,Grassland/Pasture
42.97773275897083,-96.58765096410035,4,0.10000000149011612,21.329999923706055,0,5,427,Soybeans
41.85219211746679,-94.5672443085028,3,1.590000033378601,20.329999923706055,0,5,331,Soybeans
40.76613095047155,-95.93795754056006,3,3.140000104904175,22.920000076293945,0,1,332,Corn
40.763337204409915,-95.08758602225072,3,1.9500000476837158,21.559999465942383,0,176,358,Grassland/Pasture
41.707279230109,-94.33960828323958,3,1.3700000047683716,20.209999084472656,0,176,318,Grassland/Pasture
42.99249924760658,-92.79858159349345,3,2.450000047683716,17.989999771118164,0,1,314,Corn
42.53889637873548,-94.72009151621167,1,2.7699999809265137,19.899999618530273,0,1,372,Corn
43.534824678328675,-93.39027185359494,3,2.869999885559082,17.049999237060547,0,176,386,Grassland/Pasture
41.06786691030904,-96.15954010118986,3,3.5,22.780000686645508,0,176,335,Grassland/Pasture
41.33112903213633,-90.27356323475362,3,4.340000152587891,19.360000610351562,0,1,228,Corn
43.13536173843379,-91.04284785931499,4,2.75,16.719999313354492,0,176,365,Grassland/Pasture
41.78565092856432,-91.08345475640517,3,2.450000047683716,18.299999237060547,0,5,234,Soybeans
40.691652311210206,-96.60683433552619,4,1.8200000524520874,23.959999084472656,0,176,410,Grassland/Pasture
40.63229197921213,-90.66179912404475,3,3.5799999237060547,20.010000228881836,0,1,228,Corn
41.25401323546152,-91.61835384535645,3,3.5299999713897705,19.8799991607666,0,1,227,Corn
43.333610749782956,-94.96012945234135,3,1.5099999904632568,19.18000030517578,0,5,435,Soybeans
41.06243026369397,-95.44200603431285,3,2.5199999809265137,22.149999618530273,0,121,335,Developed/Open Space
42.64255380598359,-94.37370007908382,3,2.5299999713897705,19.350000381469727,0,1,356,Corn
42.57050424142974,-95.01906820560261,3,2.430000066757202,20.25,0,5,378,Soybeans
40.71895819843473,-96.42278443335634,3,1.7599999904632568,23.719999313354492,0,176,385,Grassland/Pasture
42.85626702840472,-92.9052782730636,3,2.440000057220459,18.200000762939453,0,1,330,Corn
40.55950401308215,-92.56015396189775,4,4.610000133514404,20.3799991607666,0,176,288,Grassland/Pasture
41.89302190263553,-90.15349696580677,3,3.9600000381469727,19.420000076293945,0,190,184,Woody Wetlands
42.45138576437806,-95.39463127671041,3,1.9299999475479126,20.6200008392334,0,1,404,Corn
42.26646886492214,-95.09360318397653,3,2.5,20.40999984741211,0,5,370,Soybeans
43.37049209183038,-92.09920513097215,3,1.059999942779541,17.350000381469727,0,176,397,Grassland/Pasture
42.158701870694514,-94.82572159383224,3,2.430000066757202,20.18000030517578,0,5,379,Soybeans
42.85759084616798,-91.73886740602413,3,1.399999976158142,18.219999313354492,0,141,329,Deciduous Forest
41.064801250705145,-93.73155101405696,3,2.1600000858306885,20.190000534057617,0,176,337,Grassland/Pasture
42.9039788190613,-92.85044842099039,3,2.640000104904175,18.09000015258789,0,1,302,Corn
42.178698180160744,-92.32581390432719,3,1.7300000190734863,18.719999313354492,0,5,288,Soybeans
40.52083798734918,-94.62711979237667,2,2.3499999046325684,21.43000030517578,0,176,358,Grassland/Pasture
42.210940087749286,-91.63736094553782,3,1.4700000286102295,17.799999237060547,0,1,276,Corn
41.62097234418739,-92.92902714978473,3,2.5399999618530273,19.459999084472656,0,5,273,Soybeans
42.69956798120553,-92.2314942591048,3,1.6200000047683716,17.940000534057617,0,176,311,Grassland/Pasture
41.96227126277283,-91.25228308190904,3,1.9700000286102295,17.729999542236328,0,5,264,Soybeans
41.99130929478821,-96.34218067363238,3,1.0099999904632568,21.93000030517578,0,5,415,Soybeans
40.81399524413001,-91.8362466774666,4,4.630000114440918,20.670000076293945,0,5,227,Soybeans
40.56229253015566,-90.66981534759215,3,3.7799999713897705,20.09000015258789,0,1,216,Corn
42.66471205830599,-96.2393545105912,3,0.3700000047683716,21.690000534057617,0,5,377,Soybeans
40.588427248611694,-91.22312674160402,3,4.949999809265137,20.56999969482422,0,1,209,Corn
41.16351599113688,-95.05916480940424,3,1.6299999952316284,21.780000686645508,0,1,385,Corn
42.64362821766161,-95.38590005074575,3,1.6299999952316284,20.5,0,5,435,Soybeans
43.38740891300506,-95.29261158258844,3,1.190000057220459,19.799999237060547,0,1,446,Corn
40.97672899886909,-91.61048981792828,1,4.639999866485596,20.18000030517578,0,121,218,Developed/Open Space
42.019972441731404,-90.34296393819255,3,3.2799999713897705,18.43000030517578,0,5,249,Soybeans
40.880157950285934,-93.51172749419214,3,2.240000009536743,19.90999984741211,0,5,328,Soybeans
42.9294290220186,-90.93992279486066,3,3.2200000286102295,17.15999984741211,0,176,327,Grassland/Pasture
40.87942790396569,-90.65156941316155,3,3.5399999618530273,19.219999313354492,0,1,234,Corn
41.113045281472004,-94.32558817507534,3,2.1600000858306885,20.59000015258789,0,176,394,Grassland/Pasture
42.245929637407514,-94.9574623044598,3,2.5799999237060547,20.239999771118164,0,5,396,Soybeans
42.12335418727642,-92.39784142428967,3,1.840000033378601,19.040000915527344,0,121,279,Developed/Open Space
40.941944479541654,-95.14179598452428,3,1.8600000143051147,21.59000015258789,0,176,365,Grassland/Pasture
41.759058811463824,-96.54065751647396,3,1.590000033378601,22.3799991607666,0,176,380,Grassland/Pasture
42.220915393274225,-93.10329965200184,3,1.7100000381469727,18.899999618530273,0,176,293,Grassland/Pasture
40.685902980069066,-90.71517099065323,3,3.5899999141693115,20.079999923706055,0,1,235,Corn
42.57935927567944,-94.73768509863613,1,2.7100000381469727,19.93000030517578,0,5,376,Soybeans
42.80966656085186,-93.98975512279414,1,2.180000066757202,18.799999237060547,0,1,341,Corn
40.50471044206123,-96.54549230253083,3,1.6399999856948853,24.15999984741211,0,5,404,Soybeans
41.22549309622334,-95.46275448255587,3,2.4600000381469727,22.1200008392334,0,1,350,Corn
40.74692212157401,-94.1827958434656,3,2.200000047683716,20.84000015258789,0,176,348,Grassland/Pasture
41.17901739123291,-96.09944601607839,3,3.690000057220459,22.549999237060547,0,176,324,Grassland/Pasture
40.48994528963259,-93.45573621116036,2,3.2100000381469727,20.350000381469727,0,5,335,Soybeans
42.61203461034038,-96.0857993276722,3,0.5799999833106995,21.43000030517578,0,1,398,Corn
42.23932932870622,-96.01036117316804,3,0.8899999856948853,21.790000915527344,0,5,368,Soybeans
41.97230869122037,-96.53463274246207,3,0.9300000071525574,22.350000381469727,0,36,414,Alfalfa
42.1817055788197,-91.30944456259436,3,0.9599999785423279,16.93000030517578,0,5,293,Soybeans
42.25164276302477,-91.72044307882044,3,1.590000033378601,17.950000762939453,0,1,273,Corn
41.233694575086744,-91.27355016238018,3,5.019999980926514,19.360000610351562,0,1,177,Corn
40.67776280999266,-91.99218587537543,2,4.710000038146973,21.190000534057617,0,176,228,Grassland/Pasture
43.41647934615153,-95.95500830231683,3,0.4699999988079071,20.3700008392334,0,5,439,Soybeans
42.38408655148311,-93.22604667554174,3,1.840000033378601,18.860000610351562,0,1,345,Corn
43.30937721088457,-90.36691389151356,2,2.4200000762939453,16.989999771118164,0,1,224,Corn
41.917694440476794,-92.86612183407294,3,1.7999999523162842,18.989999771118164,0,1,302,Corn
42.09314135670355,-95.2026470236092,3,2.359999895095825,20.239999771118164,0,5,408,Soybeans
42.304496011540046,-90.46340277621876,3,3.25,18.510000228881836,0,5,208,Soybeans
40.66057782530974,-95.16375802374955,3,2.2899999618530273,21.8700008392334,0,1,322,Corn
41.35647711556315,-93.00546268967274,4,3.2100000381469727,19.959999084472656,0,176,262,Grassland/Pasture
40.70227738201507,-95.19327198703951,1,2.25,21.81999969482422,0,1,340,Corn
40.669549149032115,-91.7033467461429,1,4.920000076293945,20.829999923706055,0,1,220,Corn
40.61367407932579,-94.66493581611536,2,2.119999885559082,21.09000015258789,0,5,377,Soybeans
40.67118723168026,-95.98500160378715,3,2.700000047683716,22.93000030517578,0,1,362,Corn
41.6340017782354,-95.73212566582963,3,2.109999895095825,21.600000381469727,0,1,381,Corn
43.384769228103636,-90.20516306327114,0,2.6500000953674316,16.329999923706055,0,121,343,Developed/Open Space
42.43915722374928,-90.69742040332233,4,3.3499999046325684,17.920000076293945,0,1,272,Corn
41.85183578310179,-93.85024583485556,3,2.0399999618530273,19.8700008392334,0,111,255,Open Water
43.46590808081822,-96.3413622531311,3,0.25999999046325684,20.389999389648438,0,1,418,Corn
43.189948332347285,-90.49921737420212,4,2.5299999713897705,17.34000015258789,0,141,212,Deciduous Forest
41.97422529478677,-92.99360262934583,3,1.7999999523162842,18.780000686645508,0,5,318,Soybeans
40.70648015077001,-90.974894883961,3,4.670000076293945,20.290000915527344,0,141,200,Deciduous Forest
41.29617792297542,-92.68985789418144,3,3.5,20.360000610351562,0,5,241,Soybeans
41.58941025914159,-95.75440316154682,3,2.2699999809265137,21.65999984741211,0,1,375,Corn
40.55647377137315,-92.48114017270811,4,4.659999847412109,20.959999084472656,0,176,247,Grassland/Pasture
42.938791390823084,-92.08855394663395,3,1.409999966621399,17.75,0,5,365,Soybeans
40.9874467023425,-92.37641670006784,4,4.010000228881836,21.1299991607666,0,5,194,Soybeans
40.82887799136198,-91.06993405819512,4,5.670000076293945,19.770000457763672,0,141,166,Deciduous Forest
42.320378380830796,-95.12082852925704,3,2.5299999713897705,20.3700008392334,0,176,388,Grassland/Pasture
41.24071716934728,-90.73843073433531,3,4.610000133514404,18.579999923706055,0,1,205,Corn
42.167932486436165,-96.5773129979407,3,0.5299999713897705,22.389999389648438,0,1,422,Corn
41.02043457336362,-96.18357819127637,3,3.369999885559082,22.760000228881836,0,176,361,Grassland/Pasture
42.63951282744235,-96.50125773042957,3,0.18000000715255737,22.190000534057617,0,176,344,Grassland/Pasture
41.10107044781658,-93.5783930033542,3,1.9800000190734863,20.079999923706055,0,176,304,Grassland/Pasture
40.42683031540599,-92.6966732442542,4,4.360000133514404,20.920000076293945,0,1,239,Corn
41.44880093992914,-90.73558707964794,3,5.170000076293945,19.170000076293945,0,111,166,Open Water
43.321445704078265,-96.08587354806417,3,0.41999998688697815,20.670000076293945,0,1,412,Corn
40.926938617213146,-93.05641082533593,4,3.0399999618530273,19.639999389648438,0,176,306,Grassland/Pasture
42.32963344627832,-92.99114250877908,1,1.8200000524520874,18.75,0,5,325,Soybeans
41.512237220133485,-90.89163992649918,3,4.010000228881836,18.440000534057617,0,141,221,Deciduous Forest
43.44910905002131,-92.15483086649238,3,1.0800000429153442,17.329999923706055,0,1,391,Corn
43.07661859365175,-93.24645073995599,3,2.2799999713897705,18.049999237060547,0,1,363,Corn
42.559038219262085,-90.45383115769519,3,3.75,18.110000610351562,0,121,272,Developed/Open Space
41.770584817241186,-94.57835873133794,3,1.5,20.360000610351562,0,5,345,Soybeans
41.81129568282734,-96.5250108307221,3,1.399999976158142,22.360000610351562,0,5,389,Soybeans
42.30012689088924,-93.63968999663918,3,1.4700000286102295,19.059999465942383,0,122,320,Developed/Low Intensity
40.69309313417878,-93.62354617805688,2,2.5,20.670000076293945,0,37,281,Other Hay/Non Alfalfa
42.39419929687636,-95.01203743652701,3,2.5999999046325684,20.260000228881836,0,5,386,Soybeans
43.40619885501175,-95.26076525194675,3,1.2100000381469727,19.780000686645508,0,1,432,Corn
42.625511874238846,-91.76678255476288,3,0.8899999856948853,17.639999389648438,0,5,342,Soybeans
42.685632790358206,-94.10221586861114,3,2.240000009536743,19.020000457763672,0,5,342,Soybeans
42.83449398044705,-95.3288418210236,3,1.5099999904632568,20.43000030517578,0,121,455,Developed/Open Space
40.71131510811755,-95.18294021780706,3,2.200000047683716,21.809999465942383,0,1,344,Corn
40.854402990192725,-92.6340438037236,5,4.239999771118164,20.139999389648438,0,141,262,Deciduous Forest
43.08707325163588,-93.94196165819595,3,1.9199999570846558,18.1200008392334,0,5,375,Soybeans
42.01801816514477,-91.50533938635536,3,1.840000033378601,18.1299991607666,0,1,258,Corn
41.40454951484549,-95.25773908872328,3,1.8200000524520874,21.760000228881836,0,5,385,Soybeans
43.504339016669576,-93.73114060344378,1,2.450000047683716,17.75,0,5,374,Soybeans
40.674408709228324,-91.45605839768247,4,5.039999961853027,20.389999389648438,0,141,212,Deciduous Forest
40.80231799594604,-96.13541709688965,3,2.7100000381469727,22.860000610351562,0,1,373,Corn
42.06076458755916,-93.86318156324768,4,1.559999942779541,19.479999542236328,0,122,348,Developed/Low Intensity
41.619160608846585,-92.3904997380156,3,2.369999885559082,19.65999984741211,0,5,284,Soybeans
41.5759857054313,-94.20853737752195,3,1.590000033378601,20.209999084472656,0,1,286,Corn
42.10553883960508,-90.29361294188294,3,3.259999990463257,18.520000457763672,0,1,260,Corn
41.37306888269424,-90.54991060382946,3,4.539999961853027,18.809999465942383,0,141,224,Deciduous Forest
43.479397957016445,-95.6066134872687,3,0.7300000190734863,19.780000686645508,0,5,477,Soybeans
42.75219851518925,-94.13937535976412,3,2.4800000190734863,19.15999984741211,0,190,335,Woody Wetlands
42.994604809429475,-90.62928912847728,3,3.4200000762939453,16.770000457763672,0,176,351,Grassland/Pasture
43.005818832339315,-95.78228071313704,3,1.1799999475479126,20.299999237060547,0,1,437,Corn
40.437258553830596,-90.41831402799711,3,4.050000190734863,19.190000534057617,0,1,195,Corn
41.46323753911287,-93.9209186760467,4,2.0399999618530273,20.049999237060547,0,1,301,Corn
42.74616474614796,-91.30419811156803,4,2.0999999046325684,17.530000686645508,0,141,254,Deciduous Forest
41.1598040015866,-92.71098858347331,3,3.890000104904175,20.360000610351562,0,5,214,Soybeans
41.808234223787,-96.4604915129194,3,1.4700000286102295,22.030000686645508,0,1,392,Corn
42.007126353345804,-93.48405261644558,3,1.9199999570846558,19.479999542236328,0,1,295,Corn
42.798678093401726,-94.21442282362474,1,2.430000066757202,19.079999923706055,0,1,344,Corn
40.45758354528934,-93.93478940316184,2,3.2899999618530273,21.290000915527344,0,176,320,Grassland/Pasture
40.95519469446386,-92.89011682308836,4,3.559999942779541,19.68000030517578,0,141,275,Deciduous Forest
43.2188186929897,-95.19358814625873,3,1.3600000143051147,19.850000381469727,0,1,425,Corn
42.223265305232566,-91.31793807578565,3,1.0099999904632568,16.969999313354492,0,1,300,Corn
41.708717397231034,-92.71220279073661,3,2.0199999809265137,19.31999969482422,0,5,293,Soybeans
42.786388648986915,-94.3969686650743,3,2.640000104904175,19.3799991607666,0,190,340,Woody Wetlands
41.6387645965819,-92.06465959730316,3,2.259999990463257,19.969999313354492,0,176,265,Grassland/Pasture
40.92509411985403,-96.57056673598382,4,2.259999990463257,23.610000610351562,0,1,343,Corn
43.20170183614655,-95.238864394452,3,1.3300000429153442,19.889999389648438,0,5,411,Soybeans
41.2873449153417,-95.12151834727985,3,1.6399999856948853,22.06999969482422,0,5,348,Soybeans
43.356048771360754,-92.65219258274205,3,1.9299999475479126,17.56999969482422,0,1,358,Corn
43.40486690790741,-92.91018329447506,3,2.4100000858306885,17.489999771118164,0,5,355,Soybeans
41.998173414673744,-95.37412231068463,3,2.109999895095825,20.8700008392334,0,121,379,Developed/Open Space
40.90771280010536,-96.49081795660433,4,2.2899999618530273,23.489999771118164,0,5,354,Soybeans
40.60943145592383,-92.59973704743584,3,4.53000020980835,20.139999389648438,0,176,290,Grassland/Pasture
40.556447557256504,-95.9819727373182,3,2.3399999141693115,23.59000015258789,0,1,319,Corn
41.37480967316142,-91.7979307133849,3,3,20.100000381469727,0,121,237,Developed/Open Space
41.00774430666737,-94.01445881605797,4,2.2200000286102295,20.510000228881836,0,141,327,Deciduous Forest
40.66844293051667,-95.17037233362421,3,2.2699999809265137,21.889999389648438,0,1,322,Corn
42.05225789927696,-92.78801313802096,3,1.6299999952316284,18.989999771118164,0,36,297,Alfalfa
42.441240460000586,-95.52186346420635,3,1.7200000286102295,20.649999618530273,0,1,417,Corn
41.47879727705486,-90.49105310330148,2,4.769999980926514,19.059999465942383,0,122,196,Developed/Low Intensity
42.25446352421919,-91.15751048606121,3,1.5299999713897705,17.06999969482422,0,176,279,Grassland/Pasture
41.92171840652866,-96.09705433622457,3,1.350000023841858,22.440000534057617,0,5,312,Soybeans
43.48790501342643,-95.12052867904207,3,1.3899999856948853,19.56999969482422,0,111,425,Open Water
40.68722598306749,-93.32331880738668,3,2.950000047683716,19.809999465942383,0,176,332,Grassland/Pasture
41.09414813862478,-90.79561570766671,3,4.789999961853027,18.979999542236328,0,1,190,Corn
41.52401683927845,-91.85125331226789,3,2.5799999237060547,20.139999389648438,0,176,227,Grassland/Pasture
43.11533205632885,-94.3874665203564,3,1.9199999570846558,18.68000030517578,0,1,373,Corn
42.516730435483005,-93.30290246138266,3,1.9500000476837158,18.75,0,1,339,Corn
41.34589078327085,-91.85106938515777,3,3.049999952316284,20.209999084472656,0,1,238,Corn
43.345728285266034,-93.30689104688538,3,2.5899999141693115,17.350000381469727,0,1,384,Corn
43.05210647745816,-93.39987677876042,3,2.140000104904175,18.010000228881836,0,5,370,Soybeans
40.618453848052475,-94.12172503785534,3,2.5299999713897705,21.030000686645508,0,176,354,Grassland/Pasture
41.34612736594121,-96.44375446039683,3,2.9800000190734863,22.600000381469727,0,176,376,Grassland/Pasture
41.61556356605112,-92.48151554011761,3,2.1500000953674316,19.600000381469727,0,121,281,Developed/Open Space
41.23931180895019,-96.45464653247323,3,3.200000047683716,22.690000534057617,0,5,375,Soybeans
42.87418925213542,-93.66657910091052,1,1.7400000095367432,18.1200008392334,0,5,370,Soybeans
43.089583597847394,-90.41743257456515,3,2.9000000953674316,16.979999542236328,0,176,311,Grassland/Pasture
40.62571593904274,-93.49109108339192,3,2.8499999046325684,20.100000381469727,0,176,338,Grassland/Pasture
41.20126421088372,-96.32904274043041,4,3.430000066757202,22.889999389648438,0,24,334,Winter Wheat
40.53421700190669,-90.90603052833809,4,4.400000095367432,20.440000534057617,0,176,198,Grassland/Pasture
40.84180899845852,-95.22837072196351,3,2.1600000858306885,21.610000610351562,0,1,362,Corn
42.88740497222894,-90.53236332844587,4,3.609999895095825,17.110000610351562,0,5,319,Soybeans
42.10806406374128,-96.33125655000222,3,0.6800000071525574,22.700000762939453,0,176,375,Grassland/Pasture
42.326489068651384,-93.65622526432377,3,1.5099999904632568,19.040000915527344,0,5,325,Soybeans
42.13603826061834,-95.18984117654261,3,2.4000000953674316,20.200000762939453,0,1,429,Corn
40.98621211472154,-96.2548281009855,3,3.0899999141693115,23.100000381469727,0,176,349,Grassland/Pasture
41.103369242604344,-92.08068117883614,3,3.7300000190734863,20.549999237060547,0,5,242,Soybeans
41.86051304705027,-92.75771656880127,3,1.840000033378601,19.049999237060547,0,5,309,Soybeans
42.163037568853184,-94.53182853044021,3,2.5899999141693115,19.829999923706055,0,1,336,Corn
42.86044552576381,-95.6680346780764,3,1.3200000524520874,20.579999923706055,0,1,412,Corn
42.77841725246085,-95.4755663524307,3,1.3700000047683716,20.5,0,141,427,Deciduous Forest
43.15934215674992,-96.01586043165618,3,0.6600000262260437,20.40999984741211,0,5,424,Soybeans
41.02983564733535,-95.33219331828252,3,2.1700000762939453,22.040000915527344,0,176,361,Grassland/Pasture
41.81126136765525,-92.82852585408176,3,1.9600000381469727,19.219999313354492,0,1,302,Corn
42.41240181150812,-92.89543894559083,1,1.9600000381469727,18.56999969482422,0,1,331,Corn
40.867379639845836,-92.95813379844009,4,3.5999999046325684,19.639999389648438,0,141,292,Deciduous Forest
41.08895895305808,-91.34536619030334,3,4.739999771118164,19.59000015258789,0,5,219,Soybeans
40.4294561916057,-90.2375723485989,3,4.21999979019165,19.18000030517578,0,141,179,Deciduous Forest
41.66136701632622,-95.9989478772434,3,2.190000057220459,22.200000762939453,0,1,307,Corn
41.57317878397936,-91.66316491281356,3,2.740000009536743,19.56999969482422,0,1,230,Corn
40.892342371474186,-91.95383816562934,4,4.400000095367432,20.690000534057617,0,1,229,Corn
41.81982000688196,-92.75762917076328,3,1.9199999570846558,19.1299991607666,0,176,298,Grassland/Pasture
42.363227996724916,-90.86979261986873,3,2.5899999141693115,16.8700008392334,0,5,324,Soybeans
41.4510392956261,-94.74860852758013,3,1.4900000095367432,20.829999923706055,0,5,380,Soybeans
41.127315513749885,-93.66302878648634,3,2.0999999046325684,20.260000228881836,0,176,320,Grassland/Pasture
41.734071354376944,-94.61179783968274,3,1.4600000381469727,20.40999984741211,0,1,354,Corn
43.014198173321915,-93.56337625303094,1,1.9600000381469727,17.8799991607666,0,1,372,Corn
42.38864180322423,-92.2906824175892,3,2.0899999141693115,18.600000381469727,0,5,271,Soybeans
41.408207311498636,-94.27353330155167,3,1.8700000047683716,20.219999313354492,0,5,362,Soybeans
41.46689026933666,-91.91859990936928,3,2.6700000762939453,20.139999389648438,0,5,246,Soybeans
40.9174647283488,-91.45908278973442,3,5,19.989999771118164,0,5,212,Soybeans
43.19788466171124,-94.92294426212733,3,1.5199999809265137,19.489999771118164,0,1,407,Corn
40.49527536365312,-92.13285326406705,2,4.829999923706055,21.59000015258789,0,141,228,Deciduous Forest
41.491840975356745,-96.16935776952951,3,2.940000057220459,21.979999542236328,0,5,368,Soybeans
40.936710963161765,-92.8829093838074,4,3.559999942779541,19.6299991607666,0,176,300,Grassland/Pasture
42.56473654312858,-92.25131325768976,3,1.7599999904632568,18.18000030517578,0,1,274,Corn
42.578686961076805,-90.5981569009792,3,3.940000057220459,17.850000381469727,0,176,270,Grassland/Pasture
42.15476786200213,-93.94000582997239,3,1.649999976158142,19.329999923706055,0,1,352,Corn
41.23888636720804,-91.94350196353082,4,3.259999990463257,20.940000534057617,0,190,195,Woody Wetlands
40.56452719493252,-92.66983127379484,5,4.400000095367432,20.25,0,141,284,Deciduous Forest
41.46845970316759,-94.59514810589133,3,1.5700000524520874,20.260000228881836,0,1,408,Corn
40.92213381206694,-93.81024750465815,2,2.0999999046325684,20.299999237060547,0,176,340,Grassland/Pasture
43.244671853094516,-94.63430878495811,1,1.590000033378601,18.709999084472656,0,1,397,Corn
41.42667607970358,-95.73800599609216,3,2.740000009536743,21.950000762939453,0,1,338,Corn
42.74608128677694,-93.4721342299881,1,1.4800000190734863,18.5,0,1,379,Corn
42.18213394471256,-94.15952235591284,3,2.049999952316284,19.479999542236328,0,1,342,Corn
43.14987595878098,-90.14926593904683,4,2.7699999809265137,16.93000030517578,0,141,251,Deciduous Forest
43.41358372783902,-90.9553364741299,4,3.049999952316284,15.899999618530273,0,36,387,Alfalfa
41.52925353854928,-90.55526591441519,2,4.849999904632568,19.09000015258789,0,122,195,Developed/Low Intensity
43.31448766883178,-96.62422833139809,3,0.4099999964237213,20.610000610351562,0,5,402,Soybeans
43.46126463802399,-96.54833116930469,3,0.3400000035762787,20.200000762939453,0,5,424,Soybeans
43.44575238412212,-94.22116725560333,1,2.140000104904175,18.75,0,1,344,Corn
41.562158632564305,-95.48329799673179,3,1.9900000095367432,21.25,0,1,412,Corn
43.08218585265326,-91.8874076220018,3,1.3700000047683716,18.719999313354492,0,176,297,Grassland/Pasture
41.66569325615873,-92.66591060772404,3,1.9700000286102295,19.40999984741211,0,1,297,Corn
41.425380515956846,-91.74334840357962,3,2.890000104904175,20.049999237060547,0,1,227,Corn
43.00391943814544,-92.21349310006521,3,1.409999966621399,18,0,1,337,Corn
40.645918984279405,-92.54002580572283,3,4.599999904632568,20.56999969482422,0,37,271,Other Hay/Non Alfalfa
42.27724741521658,-94.7215012243224,3,2.8499999046325684,19.989999771118164,0,176,351,Grassland/Pasture
41.42174320301211,-96.37111838488691,3,2.890000104904175,22.579999923706055,0,5,351,Soybeans
43.1899917093037,-91.70432536081981,3,1.8300000429153442,18.1299991607666,0,176,381,Grassland/Pasture
42.805616737312555,-92.90624866833008,3,2.440000057220459,18.219999313354492,0,5,317,Soybeans
41.88047382652739,-94.99452651250974,3,1.9700000286102295,20.200000762939453,0,1,428,Corn
42.58700722770285,-90.29842957860653,4,3.430000066757202,18.34000015258789,0,176,270,Grassland/Pasture
42.95139398011227,-95.66946738665433,3,1.3200000524520874,20.469999313354492,0,5,413,Soybeans
43.411234417896914,-94.47223518060257,3,1.7300000190734863,18.489999771118164,0,5,382,Soybeans
42.06588706371408,-90.14042161036863,0,3.1700000762939453,19.559999465942383,0,122,176,Developed/Low Intensity
41.71520820571988,-92.62785079409234,3,2.059999942779541,19.459999084472656,0,5,294,Soybeans
42.254404017478336,-96.11379596544538,3,0.6700000166893005,22.40999984741211,0,1,322,Corn
41.771744674274565,-94.87600743499183,3,1.6699999570846558,20.299999237060547,0,1,419,Corn
40.9160429013725,-94.19709562956335,3,2.1500000953674316,20.59000015258789,0,1,385,Corn
43.15876185876555,-92.60037787585534,3,1.8600000143051147,17.889999389648438,0,1,346,Corn
43.30886886243511,-96.57888537515011,3,0.3199999928474426,20.709999084472656,0,121,398,Developed/Open Space
40.722748208870854,-94.99076130143892,3,1.899999976158142,21.8700008392334,0,36,306,Alfalfa
42.823329995090596,-93.3124090402673,3,1.7699999809265137,18.40999984741211,0,1,381,Corn
40.60838709801668,-91.02156184871627,3,4.760000228881836,20.489999771118164,0,176,193,Grassland/Pasture
40.50146302533209,-92.11255632456461,2,4.829999923706055,21.6200008392334,0,141,219,Deciduous Forest
41.658513410570556,-95.65722253762807,3,1.9700000286102295,21.469999313354492,0,5,354,Soybeans
41.41765427980246,-94.16057687490289,3,1.899999976158142,20.25,0,176,346,Grassland/Pasture
43.021722857921155,-90.74602295942107,4,3.319999933242798,17.079999923706055,0,176,302,Grassland/Pasture
43.265269221534794,-95.405470975089,3,1.1799999475479126,19.979999542236328,0,5,428,Soybeans
40.896680795946565,-93.7685633727849,3,2.0999999046325684,20.1299991607666,0,1,355,Corn
42.8175761534193,-94.60027606475059,3,2.5199999809265137,19.559999465942383,0,1,360,Corn
42.98115568504473,-92.47304585578672,3,1.7599999904632568,17.899999618530273,0,1,331,Corn
43.00640448717455,-90.2167033435667,4,3.1500000953674316,17.149999618530273,0,141,333,Deciduous Forest
41.635922890034436,-95.34694912869986,3,1.7200000286102295,21.3799991607666,0,5,390,Soybeans
42.036874567146825,-95.92253431207772,3,1.2300000190734863,22.170000076293945,0,1,316,Corn
43.33925643664651,-90.62164264342049,0,2.359999895095825,16.139999389648438,0,141,307,Deciduous Forest
40.41624738891324,-91.8886954654569,2,4.900000095367432,21.479999542236328,0,121,215,Developed/Open Space
42.350362907123724,-91.43536250779417,3,0.8399999737739563,17.040000915527344,0,176,288,Grassland/Pasture
43.19672480495867,-90.96801162850903,0,2.9200000762939453,16.790000915527344,0,141,325,Deciduous Forest
40.615181078846405,-95.3879603080827,3,2.700000047683716,21.969999313354492,0,1,342,Corn
43.51893119046889,-91.3889018755344,4,3.4100000858306885,18.040000915527344,0,1,223,Corn
40.77497906427471,-94.94730939471698,3,1.7999999523162842,22.030000686645508,0,141,303,Deciduous Forest
42.50724816153634,-90.98772396740416,3,2.380000114440918,16.719999313354492,0,1,349,Corn
42.715332719401026,-95.10078515702605,3,1.909999966621399,20.34000015258789,0,5,388,Soybeans
42.49867848131006,-95.39911521638354,3,1.8600000143051147,20.610000610351562,0,1,415,Corn
41.88107403203833,-90.56605206544018,3,3.180000066757202,18.40999984741211,0,1,218,Corn
40.49297062959842,-92.51194988761564,2,4.639999866485596,20.610000610351562,0,176,270,Grassland/Pasture
42.37116169808358,-95.73703450690103,3,1.3700000047683716,20.829999923706055,0,5,420,Soybeans
42.076740399366976,-93.9761126313899,3,1.6100000143051147,19.399999618530273,0,141,292,Deciduous Forest
41.55582256694533,-91.60478705589045,3,2.819999933242798,19.739999771118164,0,176,228,Grassland/Pasture
42.9079846728784,-92.42448258873056,3,1.75,17.940000534057617,0,5,316,Soybeans
43.367699980481746,-94.72205866412368,1,1.559999942779541,18.770000457763672,0,5,394,Soybeans
42.676046990009716,-92.33599985070768,4,1.75,18.020000457763672,0,176,288,Grassland/Pasture
42.99818067136161,-93.97438192612877,3,2.0999999046325684,18.43000030517578,0,5,356,Soybeans
40.49196581583841,-92.80552746448062,4,4.239999771118164,20.389999389648438,0,141,285,Deciduous Forest
41.58670784297696,-93.62250452300121,3,2.6700000762939453,19.90999984741211,0,124,244,Developed/High Intensity
41.79579723272775,-90.37700119059943,3,4.119999885559082,18.860000610351562,0,1,200,Corn
40.87040240814896,-93.76012574871396,3,2.119999885559082,20.139999389648438,0,5,356,Soybeans
40.890012033213374,-90.97454855000214,3,5.5,19.5,0,111,159,Open Water
41.03875663576805,-94.42651035268227,1,2.0399999618530273,20.81999969482422,0,5,388,Soybeans
40.88969396971897,-90.16313863332516,3,3.4000000953674316,18.860000610351562,0,1,215,Corn
42.38251844396421,-95.12404158342467,3,2.4600000381469727,20.3700008392334,0,5,418,Soybeans
40.61215963018478,-95.11371089524016,3,2.309999942779541,21.84000015258789,0,1,335,Corn
43.34442757603558,-92.84730991984752,3,2.319999933242798,17.59000015258789,0,5,360,Soybeans
40.81901942448626,-95.66829437250492,3,3.3499999046325684,22.09000015258789,0,36,344,Alfalfa
41.36743743619721,-93.37005869947849,3,2.5999999046325684,20.100000381469727,0,176,275,Grassland/Pasture
41.9834392660932,-91.68010546811185,2,2.4100000858306885,18.979999542236328,0,122,219,Developed/Low Intensity
41.14223451655686,-91.88800993981663,3,3.6600000858306885,20.489999771118164,0,5,224,Soybeans
41.307747758802684,-93.31465111826265,3,2.5799999237060547,20.209999084472656,0,176,263,Grassland/Pasture
43.03399770382273,-95.98245417963847,3,0.8899999856948853,20.520000457763672,0,5,419,Soybeans
41.27681113272971,-91.01062596384209,3,5.349999904632568,18.90999984741211,0,5,162,Soybeans
42.93699876643365,-91.429095385831,4,2.2100000381469727,17.719999313354492,0,36,338,Alfalfa
42.557536176981706,-90.80280307990564,4,3.700000047683716,17.690000534057617,0,176,250,Grassland/Pasture
42.52808332441497,-93.11462231257815,3,2.109999895095825,18.65999984741211,0,5,352,Soybeans
41.3365085670869,-94.17545001552,3,2.140000104904175,20.209999084472656,0,5,359,Soybeans
42.29134623181745,-92.36979091885769,3,1.7000000476837158,18.479999542236328,0,5,297,Soybeans
42.31077456003693,-95.10797890379669,3,2.549999952316284,20.34000015258789,0,1,407,Corn
41.99283657471282,-92.83793959333758,3,1.659999966621399,19.059999465942383,0,5,279,Soybeans
41.06850243826997,-94.60038156987623,3,1.840000033378601,21.15999984741211,0,5,387,Soybeans
42.81859337539546,-92.69416641333454,3,2.299999952316284,18.020000457763672,0,176,288,Grassland/Pasture
41.97205434155523,-95.10476015815401,3,2.180000066757202,20.15999984741211,0,1,426,Corn
40.7631082518263,-91.79374286153907,2,4.739999771118164,20.809999465942383,0,5,212,Soybeans
40.815464722807256,-91.5347359472754,3,5.059999942779541,20.219999313354492,0,176,199,Grassland/Pasture
41.379274837901036,-92.08089564652296,3,2.7899999618530273,20.56999969482422,0,176,223,Grassland/Pasture
41.485470968557415,-90.73933702109949,3,4.460000038146973,18.540000915527344,0,121,229,Developed/Open Space
42.337746733795484,-90.87228516423235,3,2.509999990463257,16.90999984741211,0,176,303,Grassland/Pasture
43.43567542424604,-93.84937736827361,1,2.259999990463257,18.09000015258789,0,5,358,Soybeans
41.24063698523744,-92.64902078633273,4,3.609999895095825,20.360000610351562,0,5,246,Soybeans
43.13272596125971,-95.90490891144442,3,0.8600000143051147,20.40999984741211,0,1,431,Corn
42.32897600990551,-93.438483620399,1,1.6399999856948853,19.030000686645508,0,1,364,Corn
40.67902648547443,-92.72232781874578,4,4.260000228881836,19.989999771118164,0,176,290,Grassland/Pasture
41.54021923086651,-91.94396695541612,3,2.4700000286102295,20.290000915527344,0,5,239,Soybeans
40.50787545204513,-93.40991213600036,4,3.180000066757202,20.25,0,176,317,Grassland/Pasture
41.422010883850085,-91.2281603562743,3,3.9700000286102295,19.06999969482422,0,5,212,Soybeans
41.314997864465155,-92.00300329372214,3,3.0299999713897705,20.610000610351562,0,176,214,Grassland/Pasture
43.117449582630684,-91.17980841964682,4,3.049999952316284,17.639999389648438,0,111,186,Open Water
42.72243318572622,-90.59906405210957,4,3.890000104904175,17.510000228881836,0,176,289,Grassland/Pasture
42.71647202531778,-91.97849333423684,3,1.3200000524520874,17.81999969482422,0,1,333,Corn
40.91150029651117,-96.55364801696753,4,2.2200000286102295,23.639999389648438,0,1,339,Corn
42.45868526406426,-94.16825711873453,3,2.4000000953674316,19.209999084472656,0,111,336,Open Water
43.329767208477264,-91.81374391898139,3,1.309999942779541,18.579999923706055,0,176,326,Grassland/Pasture
43.05667659530021,-90.9747326603919,2,3.2200000286102295,17.34000015258789,0,36,284,Alfalfa
42.133897788677366,-90.51431750289711,3,3.059999942779541,18.559999465942383,0,141,221,Deciduous Forest
41.48058555920959,-94.02807900112784,3,1.909999966621399,20.049999237060547,0,176,309,Grassland/Pasture
42.60542272446224,-93.14723157453145,3,2.240000009536743,18.6299991607666,0,176,367,Grassland/Pasture
41.20402800380458,-90.34467739085991,3,3.7200000286102295,19.1200008392334,0,141,244,Deciduous Forest
41.86804504879568,-93.85469543642395,3,1.9800000190734863,19.850000381469727,0,141,275,Deciduous Forest
41.970035590207395,-91.40666859309194,3,1.9299999475479126,17.8799991607666,0,176,263,Grassland/Pasture
41.516904416872784,-90.20919391587138,3,4.679999828338623,19.40999984741211,0,5,206,Soybeans
41.40660457265961,-91.23603304533425,3,4.070000171661377,19.149999618530273,0,5,201,Soybeans
41.11599481739943,-96.03284518195278,3,3.7300000190734863,22.280000686645508,0,5,344,Soybeans
43.10544752267025,-96.54380338128536,3,0.27000001072883606,21.020000457763672,0,5,401,Soybeans
42.03910295503096,-94.3211800349967,1,1.9600000381469727,19.690000534057617,0,1,310,Corn
41.390203333256366,-90.32949296983963,3,4.489999771118164,19.100000381469727,0,1,228,Corn
42.5069936129758,-94.73008017789853,1,2.859999895095825,19.920000076293945,0,176,365,Grassland/Pasture
41.24573141233748,-94.59564279648338,3,1.7699999809265137,21.059999465942383,0,176,370,Grassland/Pasture
43.327248021573354,-93.00296920966709,3,2.559999942779541,17.649999618530273,0,176,361,Grassland/Pasture
40.8855501237144,-96.36394697661508,3,2.509999990463257,22.920000076293945,0,176,399,Grassland/Pasture
41.24164438708095,-96.39736920372256,3,3.299999952316284,22.729999542236328,0,122,357,Developed/Low Intensity
41.02696416681646,-93.85564964174141,3,2.190000057220459,20.219999313354492,0,176,353,Grassland/Pasture
42.90058183842561,-92.08368856817624,3,1.4199999570846558,17.84000015258789,0,1,346,Corn
42.7476582896481,-96.34126419557201,4,0.30000001192092896,21.479999542236328,0,1,422,Corn
42.13371413451053,-91.86421765799854,3,1.9199999570846558,18.469999313354492,0,176,263,Grassland/Pasture
42.27648744118585,-92.1917656026493,3,2,18.68000030517578,0,1,268,Corn
41.863259193028696,-95.89629004456175,3,1.6299999952316284,22,0,121,326,Developed/Open Space
41.35378518478441,-93.84806042516082,3,2.049999952316284,20.309999465942383,0,176,266,Grassland/Pasture
42.92436032215719,-93.86545958724862,3,2.1600000858306885,18.510000228881836,0,1,343,Corn
40.46904803151553,-90.95138854192815,4,4.449999809265137,20.520000457763672,0,1,207,Corn
41.03945574822485,-94.42424169903985,1,2.0399999618530273,20.81999969482422,0,5,390,Soybeans
42.192832143714625,-93.58745549797516,3,1.4900000095367432,19.190000534057617,0,5,304,Soybeans
43.46788108488348,-92.22122145553479,3,1.2000000476837158,17.18000030517578,0,5,390,Soybeans
40.777798188249925,-93.93801607506664,3,2.2100000381469727,20.639999389648438,0,176,347,Grassland/Pasture
40.496741986482796,-96.11685793392243,4,1.7899999618530273,23.8700008392334,0,1,340,Corn
42.17673266192433,-94.14013418407735,3,2.009999990463257,19.459999084472656,0,1,341,Corn
42.53594979653301,-94.04829076141883,3,2.049999952316284,19.059999465942383,0,5,340,Soybeans
43.470133997848684,-92.98992465687523,3,2.5899999141693115,17.3700008392334,0,1,356,Corn
42.70381446843636,-93.57238861006937,3,1.6399999856948853,18.469999313354492,0,5,358,Soybeans
41.74776845221575,-91.46266355962908,3,2.609999895095825,18.670000076293945,0,141,250,Deciduous Forest
43.48785498761969,-92.18327453044607,3,1.1100000143051147,17.270000457763672,0,141,385,Deciduous Forest
43.15242297489643,-96.56859152430786,3,0.28999999165534973,20.81999969482422,0,1,445,Corn
42.81731132307514,-90.79182177879566,4,3.7200000286102295,17.25,0,36,290,Alfalfa
43.02697712706614,-92.93348192790366,3,2.819999933242798,17.989999771118164,0,5,300,Soybeans
40.49507999349315,-91.81122389864075,4,4.920000076293945,21.229999542236328,0,141,199,Deciduous Forest
42.06433924995252,-95.18250933077091,3,2.309999942779541,20.610000610351562,0,5,400,Soybeans
42.878586331352736,-91.952475657128,3,1.399999976158142,18.010000228881836,0,5,351,Soybeans
42.247062818115445,-92.56227523549755,3,1.6399999856948853,18.6200008392334,0,5,297,Soybeans
42.25106736788961,-94.7879797302445,3,2.880000114440918,20.049999237060547,0,1,335,Corn
40.715171801368136,-94.09656466727887,2,2.2799999713897705,20.93000030517578,0,37,345,Other Hay/Non Alfalfa
40.86419114384491,-92.36887835987238,3,4.349999904632568,20.84000015258789,0,141,237,Deciduous Forest
42.158029980590214,-96.54409614045576,3,0.5299999713897705,22.389999389648438,0,5,413,Soybeans
42.165336005698975,-94.85858974753327,3,2.440000057220459,20.209999084472656,0,5,381,Soybeans
40.93697879378071,-94.62750063041129,3,1.809999942779541,21.170000076293945,0,1,381,Corn
42.89244585653509,-90.49129705065353,3,3.559999942779541,17.270000457763672,0,141,319,Deciduous Forest
43.40279044040164,-91.56837792910088,3,2.440000057220459,19.059999465942383,0,141,268,Deciduous Forest
43.10416093292118,-91.1496521933617,3,3.4100000858306885,18.139999389648438,0,111,186,Open Water
41.48998789883884,-90.85957781644004,3,4.449999809265137,18.700000762939453,0,176,200,Grassland/Pasture
42.83633081248319,-95.04862542876643,1,1.809999942779541,20.200000762939453,0,5,389,Soybeans
40.49495861335854,-90.80690840881945,4,4.099999904632568,20.149999618530273,0,1,215,Corn
40.74967270466342,-92.92375575185851,3,3.759999990463257,19.530000686645508,0,176,299,Grassland/Pasture
41.85513203847875,-90.31633015111592,3,3.75,18.780000686645508,0,1,210,Corn
40.637308654616675,-91.35986286693809,5,5.170000076293945,20.420000076293945,0,141,213,Deciduous Forest
42.609090117384014,-95.5584191209846,3,1.4299999475479126,20.809999465942383,0,37,414,Other Hay/Non Alfalfa
41.72186877974467,-93.35954468604886,3,2.680000066757202,19.540000915527344,0,5,244,Soybeans
42.751154417493886,-93.11170719437932,3,2.430000066757202,18.3799991607666,0,176,309,Grassland/Pasture
41.14820571576214,-93.59285337151837,2,1.9299999475479126,20.3799991607666,0,176,299,Grassland/Pasture
40.51076642435638,-92.43854274798764,4,4.739999771118164,21,0,176,252,Grassland/Pasture
40.734436688650014,-92.39559670566322,3,4.610000133514404,20.6299991607666,0,5,263,Soybeans
42.962556253615816,-90.46864991096115,3,3.430000066757202,16.989999771118164,0,176,339,Grassland/Pasture
41.56903510711101,-94.17033375465726,3,1.6699999570846558,20.190000534057617,0,176,331,Grassland/Pasture
41.34523695132283,-93.60324301140132,4,2.2200000286102295,20.450000762939453,0,176,269,Grassland/Pasture
43.30917845625082,-92.10970235211914,3,1.1299999952316284,17.639999389648438,0,1,379,Corn
43.25486033465968,-90.45278055193472,0,2.4700000286102295,17.020000457763672,0,176,251,Grassland/Pasture
41.866146362058444,-93.89474651501371,3,1.9500000476837158,19.8700008392334,0,1,308,Corn
43.101374501976565,-96.282598632716,3,0.46000000834465027,20.450000762939453,0,1,435,Corn
43.415396838544254,-92.68947810126481,3,2,17.350000381469727,0,1,368,Corn
43.35998832397614,-96.13889897740954,3,0.3499999940395355,20.549999237060547,0,5,414,Soybeans
40.77831489542785,-93.83388763381942,2,2.200000047683716,20.420000076293945,0,5,351,Soybeans
40.466267037844005,-92.65011605656225,4,4.389999866485596,20.690000534057617,0,141,252,Deciduous Forest
40.593453225195496,-91.05660912100035,1,4.920000076293945,20.549999237060547,0,1,181,Corn
43.416942757451174,-95.81523387934011,3,0.6200000047683716,20.079999923706055,0,1,465,Corn
42.52207730455743,-94.3327301558357,3,2.5199999809265137,19.40999984741211,0,1,349,Corn
41.086149224526906,-94.4217607246699,3,2.049999952316284,20.770000457763672,0,1,397,Corn
40.83467708557538,-96.22329572250588,3,2.5799999237060547,22.780000686645508,0,5,397,Soybeans
40.847129159405156,-94.83174910967846,3,1.7300000190734863,21.420000076293945,0,176,345,Grassland/Pasture
40.47882254646498,-92.06716666705925,2,4.840000152587891,21.530000686645508,0,176,228,Grassland/Pasture
41.84803054850239,-92.36357924578157,3,1.9700000286102295,19.6299991607666,0,1,249,Corn
42.95668442890503,-95.41998331971072,3,1.309999942779541,20.360000610351562,0,176,371,Grassland/Pasture
41.31686859173731,-95.41117716315016,3,2.1700000762939453,22.31999969482422,0,1,328,Corn
41.111187617682724,-94.40376454506098,3,2.0799999237060547,20.670000076293945,0,176,395,Grassland/Pasture
43.49777413173341,-96.4236881103254,3,0.28999999165534973,20.020000457763672,0,5,452,Soybeans
43.2004058682809,-90.27837667100216,4,2.509999990463257,17.149999618530273,0,190,216,Woody Wetlands
43.02149898807655,-96.36264648036905,3,0.3400000035762787,20.90999984741211,0,5,416,Soybeans
40.699429761029855,-95.50531971107735,3,2.890000104904175,22.530000686645508,0,121,297,Developed/Open Space
41.80641081848974,-95.42970732590373,3,1.840000033378601,20.950000762939453,0,5,392,Soybeans
41.715468918558805,-96.47057584638681,3,1.7699999809265137,22,0,1,403,Corn
41.45592953926174,-90.24378630566635,3,4.920000076293945,19.59000015258789,0,1,199,Corn
43.27873572182538,-92.22200639181428,3,1.2400000095367432,17.440000534057617,0,1,379,Corn
40.61531114034303,-92.49610249971862,2,4.630000114440918,20.770000457763672,0,141,273,Deciduous Forest
40.70843866522824,-94.47639304243071,3,2.059999942779541,20.989999771118164,0,1,375,Corn
41.579406417695836,-96.26541867680747,3,2.5299999713897705,21.809999465942383,0,5,391,Soybeans
41.655644672448034,-96.61436433855557,3,1.899999976158142,22.440000534057617,0,5,414,Soybeans
42.58593099942357,-95.32890574840192,3,1.8300000429153442,20.5,0,176,409,Grassland/Pasture
42.428788874646706,-90.3747467228203,4,3.440000057220459,18.8799991607666,0,5,238,Soybeans
42.05405927678105,-91.58300954487108,3,1.7999999523162842,18.110000610351562,0,176,250,Grassland/Pasture
41.728524585672645,-91.54875574838131,3,2.5799999237060547,19.09000015258789,0,141,215,Deciduous Forest
42.76153335069831,-94.98679333526329,3,2.059999942779541,20.190000534057617,0,5,393,Soybeans
40.81421427357187,-94.84075440121237,3,1.7300000190734863,21.549999237060547,0,5,344,Soybeans
43.36839252055863,-94.89005295634696,3,1.5199999809265137,18.709999084472656,0,1,440,Corn
42.7881545363717,-93.42149018396029,1,1.559999942779541,18.479999542236328,0,1,388,Corn
41.17589296677188,-95.80998011820522,3,3.4000000953674316,22.280000686645508,0,1,293,Corn
41.25827146078666,-96.34585608208582,3,3.3499999046325684,22.760000228881836,0,111,346,Open Water
40.77572190755252,-91.36553960633883,1,5.199999809265137,20.110000610351562,0,5,213,Soybeans
41.67936470797853,-96.51884153550826,3,1.8799999952316284,22.280000686645508,0,141,386,Deciduous Forest
40.842149943840326,-91.1315809468905,3,5.21999979019165,19.780000686645508,0,141,203,Deciduous Forest
41.697996906192785,-92.1748150459053,3,2.190000057220459,19.889999389648438,0,5,268,Soybeans
42.85570420439645,-96.13204088596811,3,0.6700000166893005,21.239999771118164,0,1,379,Corn
42.395965169673914,-96.41334647252191,3,0.3499999940395355,22.6200008392334,0,190,328,Woody Wetlands
42.159475061748935,-96.29482537912097,1,0.6100000143051147,22.799999237060547,0,5,322,Soybeans
41.9166100778724,-93.75652714685212,3,2.059999942779541,19.84000015258789,0,1,303,Corn
42.42796393535714,-93.16035625126004,3,1.940000057220459,18.790000915527344,0,5,337,Soybeans
42.47454532028626,-94.37437967558448,3,2.559999942779541,19.5,0,5,357,Soybeans
43.368916625870455,-91.56218534783153,3,2.450000047683716,18.93000030517578,0,141,285,Deciduous Forest
42.14391150695186,-92.05706579882337,3,1.9800000190734863,18.760000228881836,0,1,272,Corn
42.93428584961142,-92.84584155843912,3,2.7899999618530273,18.059999465942383,0,176,293,Grassland/Pasture
41.00220266610016,-93.97128682931049,3,2.240000009536743,20.25,0,5,375,Soybeans
43.18607219960391,-90.18310496471278,2,2.5899999141693115,17.049999237060547,0,36,218,Alfalfa
41.17502762048743,-95.91672528738088,3,3.6600000858306885,22.09000015258789,0,121,341,Developed/Open Space
41.53294512667184,-92.95757413131979,3,3.2699999809265137,20.200000762939453,0,176,224,Grassland/Pasture
42.5374629489884,-90.70910602746717,3,3.809999942779541,17.93000030517578,0,121,256,Developed/Open Space
42.70506752724851,-92.55807521416125,3,2.069999933242798,18.020000457763672,0,121,286,Developed/Open Space
41.04266689435147,-90.47842595151896,3,3.619999885559082,18.829999923706055,0,1,224,Corn
41.866296018025544,-95.71014960780836,3,1.7000000476837158,21.06999969482422,0,5,409,Soybeans
41.69800431932748,-95.69930364037629,3,1.8899999856948853,21.6299991607666,0,1,355,Corn
41.003369170087595,-96.32413602444298,3,3,22.93000030517578,0,5,364,Soybeans
42.541731505757205,-90.23110407066403,3,3.3399999141693115,17.440000534057617,0,5,371,Soybeans
40.5126027836408,-94.72194543903275,2,2.359999895095825,21.209999084472656,0,5,369,Soybeans
43.12668002328691,-91.88836194677134,3,1.3700000047683716,18.43000030517578,0,141,334,Deciduous Forest
42.67932784917147,-95.53913771044736,3,1.409999966621399,20.610000610351562,0,1,396,Corn
40.49991645450083,-93.02666599030934,4,3.6700000762939453,19.8799991607666,0,141,309,Deciduous Forest
42.394778652927194,-93.71816916666323,3,1.5800000429153442,19.010000228881836,0,1,336,Corn
42.77611871169449,-93.41084209542994,1,1.590000033378601,18.5,0,5,384,Soybeans
43.48461880368396,-91.85632008926854,3,1.3700000047683716,17.299999237060547,0,176,391,Grassland/Pasture
42.88950694446793,-92.28532404081662,3,1.600000023841858,17.920000076293945,0,5,331,Soybeans
42.252719344056864,-91.10816580527923,3,1.659999966621399,17.079999923706055,0,1,272,Corn
41.84254774676107,-95.79135696342112,3,1.7400000095367432,20.93000030517578,0,1,411,Corn
40.967706015052684,-92.8546452506904,4,3.5199999809265137,19.579999923706055,0,176,297,Grassland/Pasture
40.73389059032378,-93.18829819998408,3,3.140000104904175,19.649999618530273,0,176,306,Grassland/Pasture
43.33505725653976,-93.46300936022914,1,2.440000057220459,17.420000076293945,0,1,381,Corn
40.486449759484074,-94.35783272401997,2,2.680000066757202,21.760000228881836,0,176,325,Grassland/Pasture
41.21344060996248,-96.23508012077987,3,3.630000114440918,22.18000030517578,0,176,376,Grassland/Pasture
43.373977640052146,-90.83179742769528,4,2.859999895095825,16.09000015258789,0,176,337,Grassland/Pasture
42.014941589954915,-90.17840203439187,4,3.390000104904175,19.09000015258789,0,141,216,Deciduous Forest
41.37116556629552,-93.31802945042551,3,2.7899999618530273,20.100000381469727,0,121,270,Developed/Open Space
41.62831407880651,-93.77289956647954,4,2.4000000953674316,19.969999313354492,0,176,286,Grassland/Pasture
43.26195040877436,-90.69905698516425,0,2.509999990463257,16.68000030517578,0,190,280,Woody Wetlands
42.33030027776465,-95.92394689488891,3,0.9700000286102295,21.43000030517578,0,5,385,Soybeans
42.67801688849952,-90.84730899161565,4,4.28000020980835,17.799999237060547,0,111,183,Open Water
41.88987015711296,-95.0716256852937,3,2,20.530000686645508,0,5,413,Soybeans
41.720120743164564,-91.20231315123816,3,2.799999952316284,18.6200008392334,0,176,227,Grassland/Pasture
41.0751916427029,-95.18165996331315,3,1.7799999713897705,22.25,0,176,335,Grassland/Pasture
40.80036640687355,-91.51437235941037,4,4.980000019073486,20.219999313354492,0,5,216,Soybeans
43.200188105927076,-94.752071252854,3,1.6399999856948853,19.139999389648438,0,1,381,Corn
41.16185202575868,-94.8556987736229,3,1.6100000143051147,21.600000381469727,0,1,360,Corn
40.9173419015432,-90.38653193193018,3,3.140000104904175,18.940000534057617,0,176,233,Grassland/Pasture
41.081907743327555,-90.48281852483673,3,3.680000066757202,18.809999465942383,0,5,232,Soybeans
42.97309468045405,-90.71013360575857,3,3.5299999713897705,16.93000030517578,0,1,339,Corn
41.37558507895626,-92.26117273185498,2,2.890000104904175,20.6200008392334,0,176,217,Grassland/Pasture
41.66183428141309,-95.85498463894464,3,2.1600000858306885,21.670000076293945,0,1,331,Corn
41.657546407332,-93.35837242998329,3,2.799999952316284,19.670000076293945,0,121,297,Developed/Open Space
41.543589249880554,-96.37413914405379,3,2.5199999809265137,22.079999923706055,0,1,399,Corn
42.43085457329288,-96.6208625721748,3,0.11999999731779099,22.510000228881836,0,141,386,Deciduous Forest
42.76118750092433,-91.38537813603338,3,1.7599999904632568,17.670000076293945,0,141,219,Deciduous Forest
40.80035042648529,-95.72068517920553,3,3.3399999141693115,22.18000030517578,0,176,349,Grassland/Pasture
43.37239424882504,-93.68095077797507,3,2.2799999713897705,17.65999984741211,0,1,378,Corn
41.639826662950036,-94.45758692679281,3,1.3799999952316284,20.690000534057617,0,1,328,Corn
43.1198394855904,-91.66697827390666,3,1.909999966621399,18.260000228881836,0,1,369,Corn
40.82997052512218,-93.19864525822561,2,2.869999885559082,19.579999923706055,0,1,321,Corn
40.75954447154256,-91.13104440095859,1,5.25,20.059999465942383,0,176,195,Grassland/Pasture
42.48020523711838,-91.90878705344166,3,1.5199999809265137,18,0,176,278,Grassland/Pasture
43.344999841685166,-90.97003482596097,4,3.009999990463257,16.719999313354492,0,141,275,Deciduous Forest
41.63951030989842,-93.04424039729686,3,2.6600000858306885,19.549999237060547,0,1,274,Corn
40.39900966857523,-96.23003800640295,3,1.649999976158142,24.030000686645508,0,176,347,Grassland/Pasture
40.845762665664544,-93.15301470303548,4,2.9800000190734863,19.6200008392334,0,176,305,Grassland/Pasture
41.60902858684931,-92.61827606545067,3,2.0999999046325684,19.65999984741211,0,176,273,Grassland/Pasture
41.392506661324084,-96.21877992290088,3,3.240000009536743,22.260000228881836,0,5,345,Soybeans
41.599849644412615,-93.69050477053892,2,2.5799999237060547,19.969999313354492,0,121,278,Developed/Open Space
40.64841677138464,-92.90419572544575,4,3.940000057220459,19.760000228881836,0,176,295,Grassland/Pasture
43.34831515197006,-94.18205692085257,1,2.1500000953674316,18.600000381469727,0,1,349,Corn
42.666703115939264,-91.20550054604037,3,2.190000057220459,17.34000015258789,0,5,359,Soybeans
42.31563977807372,-94.75737389557851,1,2.950000047683716,20.010000228881836,0,5,357,Soybeans
41.24082775383924,-94.33560162707704,3,2.119999885559082,20.530000686645508,0,176,363,Grassland/Pasture
41.91877654707917,-93.4167570393658,3,2.1500000953674316,19.469999313354492,0,1,268,Corn
42.948503864814846,-90.3485328145305,3,3.390000104904175,17.200000762939453,0,1,344,Corn
42.12760477551833,-93.90735322921971,4,1.5800000429153442,19.350000381469727,0,5,349,Soybeans
41.97215242885782,-95.74472778172142,3,1.5399999618530273,21.329999923706055,0,176,390,Grassland/Pasture
43.1991190360393,-94.64046607347257,3,1.6799999475479126,18.959999084472656,0,5,395,Soybeans
42.2338382168984,-96.01698288922758,3,0.8999999761581421,21.739999771118164,0,5,358,Soybeans
42.68814315964679,-96.27444918483131,3,0.30000001192092896,21.780000686645508,0,5,357,Soybeans
43.22366382598584,-94.82921724995788,3,1.6100000143051147,19.229999542236328,0,1,433,Corn
43.00605008642874,-90.76723024929859,4,3.380000114440918,17.1299991607666,0,141,288,Deciduous Forest
42.53884148215481,-95.62398778121735,3,1.440000057220459,20.829999923706055,0,1,407,Corn
40.71243458405727,-91.20460235804758,3,5.739999771118164,20.18000030517578,0,1,162,Corn
41.06855703132982,-93.17998515722203,4,2.5299999713897705,19.75,0,121,306,Developed/Open Space
43.347679989971596,-90.79642194134173,4,2.75,16.790000915527344,0,141,322,Deciduous Forest
41.41167943294655,-92.90976699704339,3,3.059999942779541,19.889999389648438,0,122,254,Developed/Low Intensity
42.32670522764912,-93.29939899111719,3,1.7200000286102295,18.950000762939453,0,1,339,Corn
43.19178806492193,-94.66971255703027,3,1.6699999570846558,19.1299991607666,0,5,377,Soybeans
42.25698429046175,-91.82930337407704,3,1.8600000143051147,18.31999969482422,0,1,262,Corn
40.78475632235221,-94.70614937299923,2,1.8200000524520874,21.040000915527344,0,1,378,Corn
41.539426986309664,-95.00798648899271,3,1.5199999809265137,21.18000030517578,0,5,390,Soybeans
41.995184660539735,-91.53423965230341,3,1.9299999475479126,18.290000915527344,0,176,239,Grassland/Pasture
42.42750196210691,-93.92467590967136,3,1.8200000524520874,19.09000015258789,0,1,339,Corn
42.97455315835064,-92.04030010534395,3,1.350000023841858,18.1200008392334,0,5,332,Soybeans
41.53891359257962,-95.01266244448189,3,1.5199999809265137,21.18000030517578,0,5,408,Soybeans
40.4798066386993,-91.60550661907018,2,5.170000076293945,20.81999969482422,0,141,194,Deciduous Forest
42.59187549563355,-92.7894990002943,3,2.259999990463257,18.34000015258789,0,121,292,Developed/Open Space
42.768201507347065,-96.44911127926198,4,0.18000000715255737,21.780000686645508,0,1,370,Corn
41.388736827676674,-94.93221092054988,3,1.5199999809265137,21.5,0,5,357,Soybeans
40.82184688825599,-90.50443240818909,3,3.3299999237060547,19.18000030517578,0,141,212,Deciduous Forest
43.05732183662269,-96.50194930555762,3,0.23000000417232513,21.270000457763672,0,1,357,Corn
41.2420402281468,-95.00320717871976,3,1.590000033378601,21.65999984741211,0,1,370,Corn
40.46722994194744,-95.00210450345512,1,2.4800000190734863,21.809999465942383,0,176,323,Grassland/Pasture
42.53393989269078,-92.02782259984136,3,1.5099999904632568,18,0,121,283,Developed/Open Space
40.5810276169046,-96.2813392897681,3,1.7699999809265137,23.850000381469727,0,176,366,Grassland/Pasture
40.44465400148769,-90.59525273741421,3,4.099999904632568,19.600000381469727,0,141,199,Deciduous Forest
43.51541572774058,-95.61637387962215,3,0.699999988079071,19.940000534057617,0,111,469,Open Water
42.89075968937929,-92.54298061273154,3,1.9299999475479126,18,0,141,294,Deciduous Forest
42.27652554436171,-91.92515328589387,3,1.809999942779541,18.270000457763672,0,1,279,Corn
42.59575875511491,-90.9061787574336,3,3.390000104904175,17.219999313354492,0,1,263,Corn
41.759635177173614,-95.93968657279352,3,1.9600000381469727,21.5,0,176,387,Grassland/Pasture
41.76438422236221,-95.67662789168915,3,1.7300000190734863,21.860000610351562,0,1,320,Corn
41.104779341798555,-90.6110690186352,3,4.139999866485596,18.809999465942383,0,5,213,Soybeans
43.38578662331325,-95.39159746918862,3,1.0700000524520874,19.850000381469727,0,121,460,Developed/Open Space
43.15657420188262,-90.8505239371079,4,3.059999942779541,16.700000762939453,0,141,326,Deciduous Forest
40.89807916919482,-95.45080239459234,3,2.700000047683716,22,0,5,338,Soybeans
41.55752417541188,-94.221050349102,3,1.6100000143051147,20.280000686645508,0,141,309,Deciduous Forest
42.607621606591145,-94.0592894208603,1,2.0899999141693115,19,0,1,337,Corn
41.643588968053855,-95.03231210474301,3,1.5099999904632568,21.040000915527344,0,1,385,Corn
43.45332945790615,-96.33858095295085,3,0.25999999046325684,20.399999618530273,0,176,419,Grassland/Pasture
42.452833154562015,-93.81187204050066,3,1.6200000047683716,18.979999542236328,0,131,328,Barren
41.9763592274207,-93.92431590469319,3,1.7400000095367432,19.68000030517578,0,176,318,Grassland/Pasture
41.89770336561596,-95.64472218312059,3,1.7200000286102295,21.06999969482422,0,141,415,Deciduous Forest
40.770268537674475,-95.74046160931627,3,3.2699999809265137,23.010000228881836,0,142,310,Evergreen Forest
41.64378433782719,-95.36381124963597,3,1.75,21.110000610351562,0,1,403,Corn
41.83364945023977,-92.60702559630143,3,1.9199999570846558,19.209999084472656,0,121,300,Developed/Open Space
42.76844052722568,-92.92540976563816,3,2.440000057220459,18.25,0,176,311,Grassland/Pasture
43.19028659555194,-93.43441323756718,3,2.2100000381469727,17.59000015258789,0,1,380,Corn
43.272093056106755,-92.27784299176228,3,1.2899999618530273,17.3799991607666,0,1,390,Corn
41.52285417321654,-93.6137247739637,2,2.680000066757202,19.979999542236328,0,121,284,Developed/Open Space
42.473589737095516,-90.41799477271853,4,3.609999895095825,18.739999771118164,0,176,242,Grassland/Pasture
40.459654636746585,-95.77560369090902,3,2.6700000762939453,23.049999237060547,0,5,314,Soybeans
41.43052059252756,-91.1023659934318,2,4.230000019073486,18.93000030517578,0,190,198,Woody Wetlands
41.46972243213099,-94.9573010627321,3,1.5099999904632568,21.459999084472656,0,1,373,Corn
42.664015033528266,-94.90057150901481,3,2.5199999809265137,20.110000610351562,0,1,377,Corn
41.89165345252947,-94.61604211579667,3,1.75,20.290000915527344,0,176,353,Grassland/Pasture
41.6350200862202,-92.56164306964318,3,1.9800000190734863,19.510000228881836,0,1,292,Corn
43.21342658500015,-93.01741122230263,3,2.5199999809265137,17.809999465942383,0,5,355,Soybeans
40.52575623957998,-95.40222982367293,3,2.7699999809265137,22.360000610351562,0,5,327,Soybeans
42.70225334523809,-92.99871931730135,3,2.380000114440918,18.3700008392334,0,5,310,Soybeans
42.834714219002095,-92.23767526528967,3,1.5499999523162842,18.110000610351562,0,141,311,Deciduous Forest
40.9997001016534,-90.86250721271954,3,5.090000152587891,19.15999984741211,0,141,180,Deciduous Forest
43.02186063560449,-93.90153297449532,3,2.059999942779541,18.280000686645508,0,1,357,Corn
41.805576804159465,-90.6814794931304,3,3.309999942779541,18.479999542236328,0,1,203,Corn
40.462034190457494,-94.78020053258561,2,2.450000047683716,21.389999389648438,0,141,348,Deciduous Forest
41.42672079487741,-92.90985410334065,3,3.0899999141693115,19.920000076293945,0,141,251,Deciduous Forest
42.86056916105759,-93.23391017773345,3,2.2899999618530273,18.34000015258789,0,1,346,Corn
41.44225708988544,-94.88305057150242,3,1.5399999618530273,21.149999618530273,0,111,382,Open Water
40.49143874197937,-93.71386154714885,0,3.200000047683716,20.790000915527344,0,141,312,Deciduous Forest
42.67900516530301,-94.8166848436898,3,2.640000104904175,20.049999237060547,0,5,376,Soybeans
42.235286726223094,-94.93585579001603,3,2.569999933242798,20.229999542236328,0,5,385,Soybeans
41.400349591270626,-90.57161673539633,3,4.449999809265137,18.670000076293945,0,1,229,Corn
42.768164512435376,-93.55181929618986,1,1.659999966621399,18.34000015258789,0,5,370,Soybeans
42.780545082202856,-93.35917864306656,3,1.75,18.489999771118164,0,1,377,Corn
40.54441018846415,-93.78520207597082,2,2.950000047683716,21.010000228881836,0,141,304,Deciduous Forest
41.33940371333223,-90.90225377164808,3,4.5,18.360000610351562,0,176,229,Grassland/Pasture
40.786483066946374,-94.7389167258437,2,1.8200000524520874,21.079999923706055,0,1,376,Corn
42.86530547495202,-93.05603658463251,3,2.509999990463257,18.239999771118164,0,5,320,Soybeans
42.49724240257757,-90.67554875971474,3,3.8299999237060547,18.309999465942383,0,123,252,Developed/Med Intensity
41.023481904998505,-91.18272731873276,4,5.039999961853027,19.15999984741211,0,1,234,Corn
40.945276093950945,-90.28238178813938,3,3.2200000286102295,18.93000030517578,0,141,228,Deciduous Forest
43.23364111394116,-92.48178615393572,3,1.6200000047683716,17.610000610351562,0,5,362,Soybeans
40.503607018473836,-94.57567041701517,2,2.4200000762939453,21.489999771118164,0,5,345,Soybeans
41.09626715909183,-92.16338543208998,4,3.75,20.579999923706055,0,176,226,Grassland/Pasture
40.54362573568253,-95.74461216190723,1,2.7899999618530273,23.5,0,5,276,Soybeans
41.42316538542265,-91.59150048751695,3,3.190000057220459,19.809999465942383,0,141,224,Deciduous Forest
40.71186543161376,-95.4561597729759,3,2.799999952316284,22.469999313354492,0,5,301,Soybeans
42.638100476685544,-90.23629844495814,3,3.359999895095825,17.950000762939453,0,1,310,Corn
41.032929548024235,-91.41021162137575,3,4.659999847412109,19.790000915527344,0,1,224,Corn
41.29368683557175,-93.28900514751062,4,2.619999885559082,20.010000228881836,0,5,276,Soybeans
42.040354321673746,-94.68716523411693,3,2.2799999713897705,20.139999389648438,0,1,347,Corn
42.355094399490085,-92.88094728183825,3,1.8700000047683716,18.59000015258789,0,1,317,Corn
42.34037391581821,-91.72640463809407,3,1.5499999523162842,17.920000076293945,0,176,269,Grassland/Pasture
42.84025359655652,-92.9489898283484,3,2.609999895095825,18.219999313354492,0,1,313,Corn
40.90302075800183,-90.20767764001813,3,3.390000104904175,18.8799991607666,0,122,215,Developed/Low Intensity
42.84655290517129,-94.9466316038141,3,1.9600000381469727,20.1200008392334,0,1,409,Corn
41.06520397732352,-94.49218594523923,3,1.9600000381469727,20.969999313354492,0,176,393,Grassland/Pasture
42.46532494682605,-95.6412164226939,3,1.4700000286102295,20.8700008392334,0,5,399,Soybeans
42.53837096867349,-93.31914548876446,3,1.9700000286102295,18.739999771118164,0,1,353,Corn
42.12149758287907,-95.23421389276736,3,2.3499999046325684,20.239999771118164,0,1,425,Corn
42.37657041909644,-92.97347273992206,3,1.909999966621399,18.719999313354492,0,5,340,Soybeans
40.69576360275509,-95.53967756410876,3,2.9600000381469727,22.770000457763672,0,5,283,Soybeans
40.81007746542089,-91.39295874372665,4,5.400000095367432,20.010000228881836,0,141,184,Deciduous Forest
40.942860185293,-93.86883909311707,2,2.140000104904175,20.3700008392334,0,176,343,Grassland/Pasture
41.182230573642244,-94.26030403609475,3,2.200000047683716,20.40999984741211,0,176,368,Grassland/Pasture
42.02498206689681,-93.77949674345255,3,1.7400000095367432,19.6299991607666,0,5,340,Soybeans
41.21669984887192,-92.30188067035346,3,3.440000057220459,20.709999084472656,0,176,209,Grassland/Pasture
41.63206876997092,-96.4626884658187,3,2.0799999237060547,22.149999618530273,0,5,404,Soybeans
40.9415820959421,-95.79020166165095,3,3.4600000381469727,22.84000015258789,0,1,288,Corn
41.129670910733076,-94.77327408604576,3,1.659999966621399,21.489999771118164,0,176,368,Grassland/Pasture
41.98216699577927,-94.29671020456382,3,1.809999942779541,19.719999313354492,0,176,295,Grassland/Pasture
42.477794508334476,-95.18000970266057,3,2.259999990463257,20.420000076293945,0,1,395,Corn
41.10386317668988,-94.29683563410539,3,2.2100000381469727,20.59000015258789,0,5,377,Soybeans
42.440195395481,-94.04381609675401,3,2.049999952316284,19.18000030517578,0,1,333,Corn
40.80722069871741,-93.49745437430165,4,2.3499999046325684,19.93000030517578,0,1,319,Corn
42.09950545801975,-96.14380085932677,3,0.8299999833106995,22.579999923706055,0,5,320,Soybeans
42.367371183095166,-90.59249811728901,4,3.190000057220459,17.579999923706055,0,5,315,Soybeans
42.18027790112062,-93.15754663639407,3,1.7000000476837158,18.979999542236328,0,5,309,Soybeans
41.55770049237414,-90.30403927425284,3,4.78000020980835,19.299999237060547,0,1,204,Corn
42.00712195863255,-90.51701816950221,3,3.2300000190734863,18.270000457763672,0,5,231,Soybeans
40.74747434531341,-91.03033995401333,3,5.400000095367432,20.1200008392334,0,5,171,Soybeans
42.97873255680765,-92.22935719215475,3,1.4600000381469727,17.889999389648438,0,5,341,Soybeans
41.03128455857148,-93.48154465313206,3,2.0899999141693115,20.360000610351562,0,1,266,Corn
41.45431146249905,-94.9821190523843,3,1.5099999904632568,21.540000915527344,0,5,383,Soybeans
41.58446727099062,-92.95499546459489,3,2.6500000953674316,19.549999237060547,0,1,274,Corn
42.61557397638137,-91.94989926773539,3,1.2799999713897705,17.790000915527344,0,141,304,Deciduous Forest
43.26103562455696,-95.25187994555121,3,1.309999942779541,19.84000015258789,0,176,419,Grassland/Pasture
43.31495941135107,-96.08810751880203,3,0.4300000071525574,20.600000381469727,0,1,411,Corn
43.19941667622613,-90.74278495859262,0,2.7200000286102295,17,0,176,212,Grassland/Pasture
42.81231235465115,-92.12743637637229,3,1.4700000286102295,17.950000762939453,0,5,319,Soybeans
41.88144103955792,-91.75429769568717,2,2.0799999237060547,18.979999542236328,0,5,249,Soybeans
43.194951112212316,-96.43920605567529,3,0.27000001072883606,20.690000534057617,0,5,402,Soybeans
40.55219866421056,-91.57090491598264,2,5.03000020980835,20.75,0,5,204,Soybeans
42.61308940767976,-90.81749466895812,4,3.549999952316284,17.299999237060547,0,176,281,Grassland/Pasture
42.8498096845184,-92.31919262286236,3,1.6699999570846558,17.90999984741211,0,1,328,Corn
42.104015232406425,-96.12475199833376,3,0.8600000143051147,22.540000915527344,0,5,320,Soybeans
41.307417564625666,-94.60240963528607,3,1.7100000381469727,20.979999542236328,0,176,386,Grassland/Pasture
40.558211330967374,-94.03840662252068,4,2.7799999713897705,21.3799991607666,0,5,304,Soybeans
41.591962238062,-92.1246547875737,4,2.319999933242798,20.270000457763672,0,176,252,Grassland/Pasture
40.963577653882155,-92.35475439220579,4,4.130000114440918,21.06999969482422,0,111,188,Open Water
42.02541194845233,-90.98201316036366,3,2.130000114440918,17.709999084472656,0,1,249,Corn
40.66844794577019,-91.32614704102453,3,5.050000190734863,20.3700008392334,0,121,212,Developed/Open Space
41.6004343941124,-90.44824879821486,3,4.519999980926514,18.829999923706055,0,28,210,Oats
41.861292019394135,-95.64082538800007,3,1.7000000476837158,21.229999542236328,0,176,387,Grassland/Pasture
42.28535069622922,-96.25435512545184,1,0.5,22.59000015258789,0,5,327,Soybeans
41.67257265172866,-92.21257980856457,3,2.200000047683716,19.81999969482422,0,5,283,Soybeans
41.63131725510969,-94.12148161517685,3,1.6799999475479126,20.020000457763672,0,1,314,Corn
41.867372142669986,-92.44675362370447,3,1.940000057220459,19.559999465942383,0,1,257,Corn
41.86426737315717,-90.28748213811618,3,3.759999990463257,18.850000381469727,0,1,204,Corn
40.52191009416503,-92.28063424815052,3,4.800000190734863,21.219999313354492,0,5,247,Soybeans
41.751436135485314,-91.8159047771129,3,2.180000066757202,19.299999237060547,0,5,258,Soybeans
41.76512218139406,-92.08013517275671,4,2.1500000953674316,19.799999237060547,0,1,244,Corn
40.71613002176374,-92.46917612806091,3,4.590000152587891,20.479999542236328,0,5,271,Soybeans
41.501999952338394,-92.63390117248781,3,2.8499999046325684,20.290000915527344,0,176,234,Grassland/Pasture
42.87779660863267,-96.55417048847454,4,0.23999999463558197,21.739999771118164,0,1,349,Corn
42.35503916327915,-92.99540664264791,1,1.8700000047683716,18.729999542236328,0,1,327,Corn
41.00415981792843,-95.63537209245284,3,3.2200000286102295,22.079999923706055,0,5,367,Soybeans
43.46308572777797,-93.61955440094748,3,2.5399999618530273,17.43000030517578,0,1,388,Corn
42.61637234819993,-91.83748280634224,3,1.059999942779541,17.6299991607666,0,5,347,Soybeans
40.576020069409935,-95.53890513239539,3,2.9000000953674316,22.450000762939453,0,5,323,Soybeans
42.254795400918375,-96.10824137361939,3,0.6700000166893005,22.40999984741211,0,1,323,Corn
42.050000425598284,-90.56256482984472,3,3.059999942779541,18.06999969482422,0,141,246,Deciduous Forest
40.840929931321725,-93.01338915246933,2,3.4200000762939453,19.639999389648438,0,111,274,Open Water
42.59004682258803,-94.81123628816569,3,2.799999952316284,20.020000457763672,0,1,367,Corn
42.23297227948608,-91.53476914955783,3,1.25,17.510000228881836,0,176,279,Grassland/Pasture
41.03517379082032,-93.09184259663675,4,2.8499999046325684,19.780000686645508,0,141,302,Deciduous Forest
41.69027141107542,-91.26125623984102,3,2.7699999809265137,18.549999237060547,0,1,237,Corn
40.566067163131514,-91.92490630278311,2,4.800000190734863,21.309999465942383,0,141,220,Deciduous Forest
43.42042274083567,-90.90908328903372,4,3.0899999141693115,16.190000534057617,0,1,350,Corn
42.27834261218735,-94.0681859490052,3,1.9800000190734863,19.31999969482422,0,5,342,Soybeans
42.059554512902196,-95.35653341467062,3,2.180000066757202,20.90999984741211,0,176,395,Grassland/Pasture
42.263932207892175,-96.0457566690026,3,0.7599999904632568,22.209999084472656,0,176,347,Grassland/Pasture
40.571300157440454,-93.16408468727919,4,3.2300000190734863,19.68000030517578,0,176,322,Grassland/Pasture
43.12669405564738,-94.91996622343791,3,1.559999942779541,19.700000762939453,0,121,425,Developed/Open Space
42.2045330104086,-91.0662085808649,3,1.7100000381469727,17.3700008392334,0,141,282,Deciduous Forest
40.68730361715728,-96.32277436651059,4,1.8799999952316284,23.780000686645508,0,176,358,Grassland/Pasture
43.096786290069474,-92.53088754202349,3,1.7599999904632568,18,0,176,334,Grassland/Pasture
41.38603440023122,-90.50014834749834,3,4.579999923706055,18.90999984741211,0,1,225,Corn
42.43036874671918,-93.11673050667602,3,1.9500000476837158,18.729999542236328,0,1,335,Corn
43.365902331243596,-93.29750781507308,3,2.6600000858306885,17.299999237060547,0,5,388,Soybeans
43.30302367588298,-95.01113246713521,3,1.5,19.440000534057617,0,176,435,Grassland/Pasture
43.2705895903212,-92.62177583742684,3,1.850000023841858,17.790000915527344,0,5,339,Soybeans
41.99944988535313,-92.7959512056935,3,1.6299999952316284,19.149999618530273,0,1,293,Corn
40.4401056357594,-95.53018992126937,3,2.809999942779541,22.6200008392334,0,176,328,Grassland/Pasture
41.972208080779275,-92.6817719517165,3,1.7000000476837158,19.389999389648438,0,5,268,Soybeans
43.36829131198386,-94.77354817490267,3,1.5199999809265137,18.790000915527344,0,1,400,Corn
42.81650830057663,-95.4657410263851,3,1.3899999856948853,20.420000076293945,0,5,433,Soybeans
41.115018760060195,-95.3980199659551,3,2.3399999141693115,22.229999542236328,0,1,343,Corn
43.00063491661042,-92.27557900386022,3,1.4900000095367432,17.84000015258789,0,1,344,Corn
41.02466319650656,-96.17000403595358,3,3.440000057220459,22.799999237060547,0,141,341,Deciduous Forest
42.175456235520805,-93.39778080393711,3,1.6399999856948853,19.190000534057617,0,5,329,Soybeans
41.43777857398131,-92.16479865739379,3,2.690000057220459,20.229999542236328,0,176,262,Grassland/Pasture
43.19948023656201,-91.90688053824834,3,1.3600000143051147,17.93000030517578,0,141,373,Deciduous Forest
42.76942703331736,-92.99586856506318,3,2.450000047683716,18.299999237060547,0,5,303,Soybeans
40.64319374543561,-94.95385607029367,3,2.009999990463257,21.6299991607666,0,176,330,Grassland/Pasture
40.75312982589499,-96.10442616898042,3,2.5999999046325684,22.8799991607666,0,1,367,Corn
40.952844655911,-93.49645046055296,3,2.2200000286102295,19.959999084472656,0,5,314,Soybeans
40.6384629861074,-93.82521676486354,2,2.5899999141693115,20.979999542236328,0,121,297,Developed/Open Space
43.25688350533432,-93.31161891743126,3,2.700000047683716,17.700000762939453,0,1,354,Corn
41.72232189376991,-94.22361470366836,1,1.4900000095367432,20.040000915527344,0,5,312,Soybeans
42.716361342816846,-92.15149850192559,3,1.5099999904632568,18.049999237060547,0,1,303,Corn
42.48338063544716,-91.75876204235088,3,1.090000033378601,17.579999923706055,0,176,309,Grassland/Pasture
41.154300183041265,-93.48968478112357,3,2.0199999809265137,19.950000762939453,0,5,309,Soybeans
41.287453063284254,-91.8739834771878,3,3.200000047683716,20.31999969482422,0,1,233,Corn
40.81634176227477,-91.56602684786425,3,4.900000095367432,20.299999237060547,0,5,214,Soybeans
42.786243495418,-91.61052785669642,3,1.409999966621399,17.940000534057617,0,176,358,Grassland/Pasture
41.541468266807236,-90.47056327742187,3,4.820000171661377,19.06999969482422,0,5,200,Soybeans
40.51501569975767,-92.58946335972048,4,4.539999961853027,20.510000228881836,0,121,279,Developed/Open Space
40.81126796707216,-93.52008776177098,3,2.3399999141693115,19.969999313354492,0,176,328,Grassland/Pasture
40.7831277503189,-93.53207672419,2,2.380000114440918,19.989999771118164,0,176,332,Grassland/Pasture
40.629411877654626,-94.68166657115884,2,2.0899999141693115,21.25,0,176,348,Grassland/Pasture
41.39298123342235,-96.63195600322697,3,2.569999933242798,22.690000534057617,0,176,398,Grassland/Pasture
41.91853570625064,-92.46938274454193,3,1.8899999856948853,19.40999984741211,0,5,272,Soybeans
42.31983209835842,-94.48457068840024,3,2.75,19.700000762939453,0,5,337,Soybeans
42.75439225835872,-95.68906659922497,3,1.3300000429153442,20.579999923706055,0,5,426,Soybeans
43.517267480891924,-94.56374813358302,3,1.8200000524520874,18.809999465942383,0,111,372,Open Water
40.49669085909573,-96.38009819359124,3,1.6200000047683716,24,0,5,410,Soybeans
43.01071233007351,-92.05682561162497,3,1.340000033378601,18.15999984741211,0,141,339,Deciduous Forest
42.953092573042355,-96.16314603015319,4,0.7099999785423279,20.760000228881836,0,121,411,Developed/Open Space
43.283511658845114,-96.60367752293148,3,0.3799999952316284,20.799999237060547,0,5,377,Soybeans
40.564625112151,-93.83991704556155,2,2.890000104904175,21.06999969482422,0,176,310,Grassland/Pasture
43.30537527274184,-91.58009416223568,3,2.3399999141693115,18.3799991607666,0,1,303,Corn
42.50343737355362,-90.48096872901448,4,3.8399999141693115,18.75,0,141,250,Deciduous Forest
42.82663584983475,-96.04012954990422,3,0.8899999856948853,21,0,5,405,Soybeans
42.999170852445,-95.14316082391852,3,1.4199999570846558,20.170000076293945,0,1,424,Corn
42.41638693442706,-96.53921833142398,3,0.20000000298023224,22.739999771118164,0,1,333,Corn
42.6412791960684,-95.39305625603494,3,1.6100000143051147,20.510000228881836,0,1,433,Corn
40.93182460556911,-91.77117871599901,4,4.46999979019165,20.40999984741211,0,5,226,Soybeans
42.45537283829446,-93.91975259148951,4,1.7999999523162842,19.049999237060547,0,1,339,Corn
40.764409069959974,-93.25509860027847,4,2.859999895095825,19.709999084472656,0,176,310,Grassland/Pasture
40.99367796727657,-92.29439864416055,2,4.090000152587891,20.559999465942383,0,176,240,Grassland/Pasture
41.54921625820327,-95.09987468872241,3,1.5700000524520874,21.3799991607666,0,5,391,Soybeans
41.17148788355931,-95.19045875935959,3,1.8300000429153442,22.170000076293945,0,1,336,Corn
42.53811722334488,-92.10731591573577,3,1.5800000429153442,17.969999313354492,0,176,299,Grassland/Pasture
42.22416457579013,-94.12770382308646,3,2.059999942779541,19.43000030517578,0,1,351,Corn
41.75996919515898,-91.16265378683335,3,2.509999990463257,18.229999542236328,0,121,247,Developed/Open Space
43.2287333457929,-94.94169215924259,3,1.5399999618530273,19.450000762939453,0,1,416,Corn
42.56700064413578,-92.33690672782254,3,1.8700000047683716,18.190000534057617,0,121,279,Developed/Open Space
40.848350636366355,-95.44532255570208,3,2.6700000762939453,22.299999237060547,0,141,307,Deciduous Forest
41.123280901763536,-94.74402419914985,1,1.649999976158142,21.540000915527344,0,1,341,Corn
41.93080208045564,-93.24006622091385,3,2.0899999141693115,19.309999465942383,0,1,305,Corn
42.190741734359285,-96.38508976461546,3,0.5600000023841858,22.110000610351562,0,121,424,Developed/Open Space
43.181127840735385,-92.07081109238938,3,1.25,17.8799991607666,0,176,357,Grassland/Pasture
41.24462603648765,-91.83910755752215,4,3.4000000953674316,20.43000030517578,0,176,220,Grassland/Pasture
42.68147360377448,-94.33798379566059,3,2.5199999809265137,19.309999465942383,0,1,349,Corn
41.29762574155271,-93.71355815363997,4,2.0899999141693115,20.329999923706055,0,141,304,Deciduous Forest
40.96238145107916,-95.92527005394307,3,3.609999895095825,22.520000457763672,0,5,339,Soybeans
43.09774575378274,-92.40120449643919,3,1.559999942779541,17.940000534057617,0,176,334,Grassland/Pasture
43.15594717954461,-90.34942916368963,4,2.5299999713897705,17.15999984741211,0,141,276,Deciduous Forest
40.80856447400752,-91.25372217621998,2,5.130000114440918,19.920000076293945,0,1,218,Corn
41.51996900977032,-94.87521271818989,3,1.5199999809265137,20.770000457763672,0,1,417,Corn
42.44665479426299,-93.51546914898047,1,1.6799999475479126,18.90999984741211,0,1,349,Corn
41.18571605796731,-94.29089106726492,1,2.1700000762939453,20.440000534057617,0,5,397,Soybeans
42.30323132464816,-92.94074665553829,3,1.7799999713897705,18.670000076293945,0,5,319,Soybeans
43.263913606701045,-92.15621425526913,3,1.090000033378601,17.559999465942383,0,5,375,Soybeans
42.340606631613646,-90.62155674461414,3,3.240000009536743,18.100000381469727,0,141,282,Deciduous Forest
41.83598656931924,-94.9452192819632,3,1.8700000047683716,20.1299991607666,0,1,423,Corn
42.90614330354329,-91.27016792482765,3,2.5899999141693115,17.5,0,1,335,Corn
42.35799333054141,-96.203384142938,3,0.5,22.40999984741211,0,5,326,Soybeans
42.49840300092561,-95.7450305882222,3,1.2699999809265137,20.959999084472656,0,141,391,Deciduous Forest
40.9739404312078,-92.5756616399399,4,4.090000152587891,20.1299991607666,0,143,265,Mixed Forest
42.66928546634452,-90.90742421692917,5,3.9100000858306885,17.479999542236328,0,141,265,Deciduous Forest
40.55077248534776,-95.31726357884006,3,2.619999885559082,22.34000015258789,0,176,309,Grassland/Pasture
40.89639798186339,-90.47853262333398,3,3.190000057220459,18.969999313354492,0,1,235,Corn
42.39012026807414,-96.46095410281534,3,0.30000001192092896,22.700000762939453,0,5,329,Soybeans
42.75195730695969,-92.98956145226863,3,2.450000047683716,18.299999237060547,0,176,303,Grassland/Pasture
42.91480787189101,-92.25383009159728,3,1.5299999713897705,18.079999923706055,0,1,319,Corn
43.296316294683656,-92.92420440261938,3,2.490000009536743,17.700000762939453,0,5,351,Soybeans
43.34628186566426,-91.06746995915026,4,3.4800000190734863,17.610000610351562,0,141,300,Deciduous Forest
43.07062607434834,-94.70588327364764,3,1.9800000190734863,19.329999923706055,0,176,363,Grassland/Pasture
42.662739232589466,-90.77211237257055,0,4.139999866485596,18.170000076293945,0,111,183,Open Water
41.00488306890527,-91.09851180937726,4,5.210000038146973,19.1200008392334,0,141,222,Deciduous Forest
42.58288568323381,-96.63274267882358,3,0.20000000298023224,22.59000015258789,0,1,340,Corn
42.48601438700966,-91.66619222003463,3,0.75,17.360000610351562,0,1,327,Corn
41.9645511011482,-96.40716505559016,3,1.0199999809265137,22.25,0,5,382,Soybeans
42.60125760304951,-96.62630855540894,3,0.23000000417232513,22.540000915527344,0,1,338,Corn
41.990233929994176,-90.53557950232562,3,3.190000057220459,18.229999542236328,0,1,247,Corn
40.59932459696382,-92.96149974176582,4,3.869999885559082,19.780000686645508,0,141,307,Deciduous Forest
42.520575103928756,-92.76279797652495,3,1.9299999475479126,18.309999465942383,0,1,318,Corn
43.347372089287695,-92.23258956667193,3,1.2000000476837158,17.420000076293945,0,1,378,Corn
42.09241842617513,-93.52085255075905,3,1.6799999475479126,19.3799991607666,0,5,309,Soybeans
41.51277895179329,-91.68881430925758,3,2.8399999141693115,19.729999542236328,0,176,237,Grassland/Pasture
43.29303199662952,-94.66711070176135,3,1.5700000524520874,18.780000686645508,0,1,388,Corn
41.608766038077256,-90.45741374079132,3,4.369999885559082,18.700000762939453,0,1,228,Corn
41.6935699480153,-92.85869900447948,3,2.259999990463257,19.65999984741211,0,1,250,Corn
41.28705887335834,-96.03744855658083,3,3.619999885559082,22.030000686645508,0,122,353,Developed/Low Intensity
40.41346016592041,-91.10757456283508,3,4.769999980926514,20.700000762939453,0,5,201,Soybeans
42.168674016055974,-93.90567017281057,3,1.5800000429153442,19.290000915527344,0,5,345,Soybeans
42.15654960047165,-91.02825164356992,3,1.7400000095367432,17.190000534057617,0,1,266,Corn
41.84269462938346,-95.85160899385811,3,1.7200000286102295,21.280000686645508,0,141,410,Deciduous Forest
41.223978625820415,-96.39971069109818,3,3.2899999618530273,22.729999542236328,0,5,353,Soybeans
41.43524307711763,-95.68712981554637,3,2.6700000762939453,21.739999771118164,0,1,379,Corn
41.777993598741055,-95.45752649809943,3,1.809999942779541,20.920000076293945,0,1,406,Corn
41.469632408253936,-95.24369237934188,3,1.75,21.549999237060547,0,176,398,Grassland/Pasture
40.57214589716863,-91.2931943971108,3,4.940000057220459,20.579999923706055,0,5,209,Soybeans
41.3607049188209,-93.80290515919853,4,2.0899999141693115,20.469999313354492,0,1,264,Corn
42.44200087955474,-91.26143129548358,3,1.5499999523162842,17.139999389648438,0,5,307,Soybeans
41.85899674752715,-96.20686584291039,3,1.4199999570846558,22.6200008392334,0,5,314,Soybeans
41.601914117466194,-90.71784770477637,3,4.03000020980835,18.479999542236328,0,59,223,Sod/Grass Seed
41.46217978514927,-91.30993955828433,3,3.890000104904175,19.389999389648438,0,121,190,Developed/Open Space
41.967006042453356,-93.02613122314412,3,1.840000033378601,18.93000030517578,0,1,308,Corn
43.09736371147085,-93.12249721648264,3,2.5,18,0,123,338,Developed/Med Intensity
43.41335548022417,-93.46957801711869,3,2.609999895095825,17.389999389648438,0,121,378,Developed/Open Space
40.927619712873096,-91.80778144956761,3,4.409999847412109,20.6200008392334,0,141,212,Deciduous Forest
41.55257878536746,-96.18059389362811,3,2.6700000762939453,21.950000762939453,0,141,360,Deciduous Forest
42.20301415963979,-95.44530266054205,3,2.130000114440918,20.389999389648438,0,1,423,Corn
40.99362799093991,-90.64956177552969,3,3.9800000190734863,18.8700008392334,0,176,208,Grassland/Pasture
41.41652663792692,-92.80952323285771,3,3.359999895095825,20.309999465942383,0,176,226,Grassland/Pasture
40.57188713749316,-90.22579490981774,3,4.019999980926514,19.040000915527344,0,141,205,Deciduous Forest
42.97669771692818,-90.92230694918675,3,3.25,17.15999984741211,0,141,287,Deciduous Forest
40.890413985136696,-93.90304859776705,0,2.140000104904175,20.549999237060547,0,176,325,Grassland/Pasture
42.01594557637303,-93.59972333325206,3,1.840000033378601,19.56999969482422,0,5,269,Soybeans
40.98918953829382,-92.09182811187851,2,4.090000152587891,20.920000076293945,0,176,206,Grassland/Pasture
43.045945198929225,-93.04448570955667,3,2.4800000190734863,18.030000686645508,0,5,331,Soybeans
41.66253720275669,-96.39962577561239,3,2.0399999618530273,22.06999969482422,0,1,401,Corn
43.33377789519445,-95.56007309723947,3,0.9599999785423279,20.059999465942383,0,5,450,Soybeans
42.81499839623567,-92.76047377447996,3,2.2799999713897705,18.110000610351562,0,1,323,Corn
41.38127990877448,-90.47779261780566,3,4.550000190734863,18.90999984741211,0,1,228,Corn
40.788833540819006,-91.18571794854796,4,5.239999771118164,19.979999542236328,0,141,187,Deciduous Forest
40.669805626979574,-94.44887157470464,3,2.130000114440918,21.1299991607666,0,176,365,Grassland/Pasture
42.08394758659606,-91.74038113447601,3,1.8799999952316284,18.360000610351562,0,122,275,Developed/Low Intensity
43.02865997937038,-95.07246863323299,3,1.409999966621399,20.110000610351562,0,1,422,Corn
41.74819575508121,-92.1971942018297,3,2.069999933242798,20.200000762939453,0,5,237,Soybeans
43.37701438948633,-95.52517472692085,3,0.9200000166893005,20.06999969482422,0,176,440,Grassland/Pasture
42.73099257199386,-93.652385843754,1,1.4299999475479126,18.18000030517578,0,1,380,Corn
41.35763871798189,-92.42660981393088,3,3.25,20.670000076293945,0,1,220,Corn
42.35950607178533,-95.48060725133496,3,1.899999976158142,20.670000076293945,0,111,386,Open Water
43.322334510312636,-94.73900249091847,3,1.5099999904632568,18.799999237060547,0,1,396,Corn
43.450389407073025,-92.21850296061493,3,1.1799999475479126,17.139999389648438,0,176,391,Grassland/Pasture
43.21832246472504,-92.82625345001931,3,2.5399999618530273,17.790000915527344,0,176,316,Grassland/Pasture
42.62821670319516,-91.73008190453201,3,0.8500000238418579,17.65999984741211,0,5,349,Soybeans
41.952108799167924,-93.52683030663111,3,2.0899999141693115,19.610000610351562,0,1,292,Corn
41.185575506311615,-92.36855242311522,3,3.4100000858306885,20.34000015258789,0,1,251,Corn
42.44060563161847,-90.7787298847302,4,2.9800000190734863,16.760000228881836,0,176,334,Grassland/Pasture
42.64108774971283,-91.62036763865196,3,0.9700000286102295,17.6200008392334,0,5,342,Soybeans
42.36085260422617,-94.72863552548394,1,2.7799999713897705,19.969999313354492,0,5,373,Soybeans
42.629808036027626,-92.45188418522957,3,2.0399999618530273,18.149999618530273,0,5,270,Soybeans
40.52053334527839,-93.73683946985886,4,3.0799999237060547,20.889999389648438,0,176,307,Grassland/Pasture
42.6219606478627,-91.43169881191083,3,1.3600000143051147,17.40999984741211,0,1,334,Corn
41.067293264910816,-92.1668746107631,3,3.8299999237060547,20.760000228881836,0,1,228,Corn
42.05964225876721,-93.64161842202951,3,1.7100000381469727,19.5,0,122,294,Developed/Low Intensity
40.47430649724012,-95.49417977922715,3,2.799999952316284,22.670000076293945,0,5,309,Soybeans
41.32284911288187,-95.15634484557616,3,1.7000000476837158,21.920000076293945,0,1,353,Corn
42.58022043393704,-90.17201395782699,3,3.2100000381469727,17.93000030517578,0,121,317,Developed/Open Space
43.518005862587295,-94.11378010892308,3,2.180000066757202,18.760000228881836,0,5,344,Soybeans
40.5308901082995,-90.94150582658688,3,4.639999866485596,20.469999313354492,0,141,199,Deciduous Forest
43.35996492667408,-92.28774889519936,3,1.25,17.25,0,1,393,Corn
41.729597810853924,-91.89056562154092,3,2.2699999809265137,19.6200008392334,0,122,249,Developed/Low Intensity
42.150169023564274,-94.9459131603302,3,2.4700000286102295,20.209999084472656,0,1,402,Corn
42.51906597976971,-96.42248754775105,3,0.20999999344348907,22.34000015258789,0,122,341,Developed/Low Intensity
43.31413981231641,-93.45316645196465,1,2.4800000190734863,17.520000457763672,0,1,369,Corn
41.64840374731307,-94.34806229836353,3,1.399999976158142,20.290000915527344,0,141,337,Deciduous Forest
43.43245715273371,-95.8713910203566,3,0.5600000023841858,20.09000015258789,0,121,460,Developed/Open Space
40.6897687393708,-95.02342885770913,3,2.009999990463257,22.139999389648438,0,176,300,Grassland/Pasture
40.756495203905246,-94.39296354623272,3,2.059999942779541,20.950000762939453,0,176,368,Grassland/Pasture
41.92013544124519,-90.77712325496957,3,2.549999952316284,18.149999618530273,0,1,215,Corn
40.81598632690534,-90.5859615006667,3,3.4600000381469727,19.3700008392334,0,5,223,Soybeans
42.819157171751094,-92.38133940625612,3,1.7699999809265137,17.90999984741211,0,1,321,Corn
40.397057256339124,-96.1203058983397,4,1.7799999713897705,23.770000457763672,0,5,348,Soybeans
41.94893720468234,-94.69518882170286,1,1.9800000190734863,20.260000228881836,0,1,362,Corn
43.19216495245742,-92.69352654782878,3,2.059999942779541,17.90999984741211,0,1,326,Corn
41.02032721199306,-91.12347725758455,2,5.119999885559082,19.1200008392334,0,141,224,Deciduous Forest
42.31595116736678,-91.19861217962234,3,1.5199999809265137,17.06999969482422,0,1,291,Corn
41.631565045747266,-95.07713487115878,3,1.590000033378601,20.979999542236328,0,1,416,Corn
41.175441301466385,-95.17381092324509,3,1.7799999713897705,22.309999465942383,0,121,324,Developed/Open Space
43.35589846670221,-90.96147590143315,4,2.940000057220459,16.459999084472656,0,141,322,Deciduous Forest
42.924821927029114,-96.34915145476546,3,0.28999999165534973,21.25,0,5,399,Soybeans
40.77136665246145,-92.42168315614248,2,4.489999771118164,20.68000030517578,0,176,235,Grassland/Pasture
43.521141313420614,-95.52423967865782,3,0.8399999737739563,19.84000015258789,0,1,479,Corn
41.68362334966797,-93.1123480657102,3,2.630000114440918,19.6200008392334,0,1,278,Corn
42.29384935380583,-92.468417066291,3,1.850000023841858,18.670000076293945,0,5,280,Soybeans
40.60132566285333,-95.8462562548288,3,2.8499999046325684,22.8700008392334,0,176,332,Grassland/Pasture
41.70054743065174,-90.99126381889701,3,3.0199999809265137,18.399999618530273,0,5,234,Soybeans
40.52719091863336,-95.50429064791047,3,2.819999933242798,22.6299991607666,0,5,296,Soybeans
41.02692381000848,-95.01745997758671,3,1.5700000524520874,22.030000686645508,0,1,327,Corn
41.65776044853282,-91.58196085359754,2,2.690000057220459,19.34000015258789,0,121,218,Developed/Open Space
40.66894236731913,-96.30535205660418,4,1.899999976158142,23.739999771118164,0,1,338,Corn
42.443073534021636,-95.79253692277241,3,1.159999966621399,21.43000030517578,0,1,344,Corn
41.156889700543815,-91.0969614318124,3,5.210000038146973,19.020000457763672,0,5,194,Soybeans
41.86361369938341,-92.7833328869376,3,1.8899999856948853,18.940000534057617,0,5,313,Soybeans
42.74468624316625,-94.95012187160941,1,2.1700000762939453,20.149999618530273,0,1,390,Corn
42.41440195798297,-95.20837914313677,3,2.319999933242798,20.43000030517578,0,121,421,Developed/Open Space
42.71113819629276,-95.08931787269991,1,1.9500000476837158,20.329999923706055,0,1,383,Corn
40.65407192188317,-94.7981428848373,2,1.9800000190734863,21.270000457763672,0,176,365,Grassland/Pasture
43.05611652672655,-94.67965145150424,3,2.109999895095825,19.299999237060547,0,1,363,Corn
41.63970510701735,-94.0728784186624,3,1.7599999904632568,19.969999313354492,0,1,294,Corn
43.197534152322866,-93.37517700662984,3,2.2899999618530273,17.670000076293945,0,1,379,Corn
40.748999057385,-94.42779444954068,2,2.0199999809265137,21.1299991607666,0,5,349,Soybeans
41.43211461733324,-95.99809790850998,3,3.0299999713897705,22.239999771118164,0,5,301,Soybeans
41.20944803789704,-91.91671409702087,3,3.369999885559082,20.8799991607666,0,1,195,Corn
43.129943458907384,-93.71612848166183,3,2.0299999713897705,17.8799991607666,0,1,375,Corn
41.070203584593536,-91.87054768842337,4,3.950000047683716,20.489999771118164,0,176,216,Grassland/Pasture
43.31590258590841,-93.22965303641163,3,2.690000057220459,17.56999969482422,0,1,364,Corn
40.97695355465927,-94.04586572291609,2,2.1700000762939453,20.75,0,1,317,Corn
41.85611916092185,-93.79931033399578,3,2.1500000953674316,19.920000076293945,0,176,297,Grassland/Pasture
43.020600700443175,-94.65641994997411,3,2.2100000381469727,19.34000015258789,0,5,357,Soybeans
40.455672098620894,-91.51594450971504,3,5.389999866485596,20.700000762939453,0,141,182,Deciduous Forest
42.5046354301933,-96.4506985129727,3,0.23999999463558197,22.280000686645508,0,122,393,Developed/Low Intensity
42.10338246304762,-92.1967175759962,3,1.7000000476837158,18.739999771118164,0,5,295,Soybeans
40.4406938097435,-95.46675910907418,3,2.799999952316284,22.540000915527344,0,5,331,Soybeans
43.26878911846285,-95.85786545074434,3,0.7300000190734863,20.440000534057617,0,1,425,Corn
41.33376937192669,-91.90525750188624,3,3.0299999713897705,20.3700008392334,0,5,229,Soybeans
40.515695897082956,-92.94037696648867,3,3.8299999237060547,19.860000610351562,0,121,307,Developed/Open Space
40.571062978854926,-96.03429390364361,3,2.1700000762939453,23.90999984741211,0,1,315,Corn
42.64646677932878,-91.68355610416103,3,0.949999988079071,17.709999084472656,0,1,326,Corn
41.36064449217743,-90.77898202683835,3,4.590000152587891,18.530000686645508,0,1,210,Corn
42.45463270461437,-90.75167629652337,3,3.119999885559082,17.1200008392334,0,141,326,Deciduous Forest
42.71834911889139,-94.88812313813672,3,2.390000104904175,20.09000015258789,0,1,378,Corn
43.05851592662979,-96.16411061226258,3,0.5899999737739563,20.450000762939453,0,5,421,Soybeans
43.17334044785457,-92.66943309948212,3,2.009999990463257,17.93000030517578,0,176,322,Grassland/Pasture
42.50625701354728,-90.70363953576803,3,3.5799999237060547,17.65999984741211,0,123,267,Developed/Med Intensity
40.96084252491234,-94.11010438160243,0,2.1700000762939453,20.639999389648438,0,141,336,Deciduous Forest
43.40835442407654,-90.47709405613068,4,2.4600000381469727,16.020000457763672,0,141,325,Deciduous Forest
42.661005533255135,-90.17569994760595,3,3.2799999713897705,17.920000076293945,0,1,303,Corn
40.785305548429356,-96.59291756319136,1,1.9700000286102295,23.770000457763672,0,176,392,Grassland/Pasture
41.417624767125716,-94.26339105643167,3,1.8200000524520874,20.3700008392334,0,176,341,Grassland/Pasture
41.63375040524008,-92.56307555309338,3,1.9800000190734863,19.510000228881836,0,5,288,Soybeans
43.014106440400276,-93.63275114563461,3,2.059999942779541,18.049999237060547,0,5,358,Soybeans
42.46169083673101,-93.42202444488514,3,1.7699999809265137,18.860000610351562,0,5,341,Soybeans
42.86716954523341,-93.85397462780172,3,2.0799999237060547,18.530000686645508,0,5,344,Soybeans
42.36726149372978,-95.89429711261063,4,0.9900000095367432,21.739999771118164,0,176,353,Grassland/Pasture
41.549785363900604,-92.6581132373145,3,2.2699999809265137,19.75,0,5,278,Soybeans
42.803394116941654,-90.36045818701578,4,3.630000114440918,17.350000381469727,0,1,345,Corn
41.52909950934495,-94.27777650091399,3,1.5800000429153442,20.3700008392334,0,176,326,Grassland/Pasture
41.13778826460246,-95.95739565996426,3,3.6700000762939453,22.469999313354492,0,123,303,Developed/Med Intensity
41.10510024286633,-92.45045697300812,4,3.740000009536743,20.280000686645508,0,176,256,Grassland/Pasture
43.2691816387127,-93.22581868576921,3,2.759999990463257,17.65999984741211,0,1,352,Corn
41.2290867516763,-91.85616511583166,5,3.440000057220459,20.559999465942383,0,141,204,Deciduous Forest
41.86676242397952,-95.06071970859999,3,1.9500000476837158,20.43000030517578,0,5,424,Soybeans
40.73555665091621,-94.58107769451173,3,1.9500000476837158,20.950000762939453,0,5,378,Soybeans
41.80927426481227,-95.73898419986327,3,1.7400000095367432,21.209999084472656,0,176,367,Grassland/Pasture
40.535866701676945,-93.55444776343487,0,3.059999942779541,20.479999542236328,0,141,312,Deciduous Forest
42.833030340442924,-90.29509912239311,3,3.5299999713897705,17.559999465942383,0,176,323,Grassland/Pasture
40.69346795577403,-96.17471935116033,3,2.180000066757202,23.209999084472656,0,176,353,Grassland/Pasture
42.19757711360786,-90.87982577737165,4,2.0899999141693115,17.540000915527344,0,141,243,Deciduous Forest
41.21321069199588,-92.6732046376778,4,3.7200000286102295,20.360000610351562,0,1,252,Corn
43.27459101986666,-91.66574907182986,3,1.9299999475479126,18.65999984741211,0,176,273,Grassland/Pasture
43.060347476339885,-96.10811476765207,3,0.6200000047683716,20.729999542236328,0,5,407,Soybeans
40.66577918193245,-94.68968661773532,3,2,21.049999237060547,0,176,368,Grassland/Pasture
42.62489202375624,-92.8275390454004,3,2.2899999618530273,18.309999465942383,0,1,289,Corn
40.61798321163181,-93.23984420997235,2,3.2300000190734863,19.6200008392334,0,176,333,Grassland/Pasture
40.45657162764479,-96.41840630301253,4,1.5399999618530273,24.1200008392334,0,1,370,Corn
42.527747456296275,-92.38551363828957,3,2.1600000858306885,18.40999984741211,0,141,263,Deciduous Forest
41.86302066094102,-92.7865762877073,3,1.8899999856948853,18.940000534057617,0,5,312,Soybeans
41.51172897094789,-94.1254051800959,3,1.7899999618530273,20.149999618530273,0,141,306,Deciduous Forest
43.00092828226557,-90.18546578913494,4,3.180000066757202,17.110000610351562,0,176,347,Grassland/Pasture
43.470804164660336,-92.19377377205699,3,1.1699999570846558,17.06999969482422,0,1,393,Corn
41.477494724225835,-91.24132495943273,3,4.03000020980835,19.290000915527344,0,176,183,Grassland/Pasture
42.31234933277606,-95.20158332572302,3,2.440000057220459,20.3700008392334,0,5,420,Soybeans
42.5906278427616,-91.90538859545963,3,1.2400000095367432,17.75,0,176,302,Grassland/Pasture
43.501032918580556,-92.87988241605294,3,2.390000104904175,17.260000228881836,0,5,370,Soybeans
40.747541269647975,-90.88629238323684,3,4.559999942779541,20.049999237060547,0,176,199,Grassland/Pasture
41.678331696999145,-94.1247236841492,3,1.6699999570846558,19.969999313354492,0,5,298,Soybeans
42.584605397928904,-93.5592961269144,1,1.75,18.770000457763672,0,5,354,Soybeans
43.14814517448043,-92.88337975586575,3,2.319999933242798,17.93000030517578,0,1,345,Corn
41.39711718355643,-92.58628916271766,3,3.0999999046325684,20.399999618530273,0,5,229,Soybeans
41.051148466814816,-93.0476060425483,4,2.9700000286102295,19.969999313354492,0,141,267,Deciduous Forest
42.2683166636238,-96.4465412133587,3,0.44999998807907104,22.360000610351562,0,1,409,Corn
